# 字|结构|部件|本字部件|易混部件|观察提示（不是字源推导）
疲|半包围|疒,皮|疒|广|左边是病字旁“疒”。“疲”与身体疲劳有关，可借这个联系记字。
惫|上下|备,心|心|木|下面的“心”可帮助联想到精神状态；先看清上下结构。
犹|左右|犭,尤|尤|龙|这是字形比较：右边是“尤”，不是“龙”。不要用犬旁编造“犹豫”的词源。
豫|左右|予,象|予|矛|左边是“予”，不是“矛”；右边的“象”不要漏写内部笔画。
疚|半包围|疒,久|久|欠|“疚”里面是“久”，不是“欠”。与“疲”同有疒，但右部不同。
窒|上下|穴,至|穴|宀|上面是穴字头：宝盖下面还有两笔，不要只写成宀。
瘾|半包围|疒,隐|疒|广|先辨认病字旁，再观察内部的“隐”；不要漏掉病字旁外侧的点、提。
崇|上下|山,宗|山|宀|上面有“山”，下面是“宗”；不能把顶部的山漏掉。
抽|左右|扌,由|由|田|右边“由”的中竖向上出头，不是“田”。扌可联系用手拉出的动作。
屉|半包围|尸,世|世|出|尸字头里面是“世”，不是“出”；先观察内部横竖位置。
竭|左右|立,曷|立|日|左边是“立”；这是结构观察，不能把每个部件的意思硬拼成词义。
抑|左右|扌,卬|卬|印|右边是“卬”，不要照抄成“印”。这里只作辨形，不编造构字故事。
郁|左右|有,阝|阝|忄|“郁”的右边是阝；与左边的“有”组成左右结构。
启|上下|户,口|户|尸|上面“户”有点，不是“尸”；下面是“口”。
扪|左右|扌,门|扌|忄|扪有按、摸的意思，提手旁可帮助联系手的动作。
懊|左右|忄,奥|忄|扌|懊恼是一种心情，竖心旁可作为记忆线索。
伺|左右|亻,司|亻|彳|左边只有单人旁“亻”，不是双人旁“彳”。
疙|半包围|疒,乞|乞|气|里面是“乞”，不要多写成“气”；两字形近，需看笔画。
瘩|半包围|疒,荅|疒|扌|疙、瘩都有病字旁。右部不同，不要把瘩写成“搭”。
荒|上下|艹,巟|艹|宀|“荒”上面是草字头；这里的分部只帮助看字形。
促|左右|亻,足|亻|扌|“促”的左边是亻，右边是足；不要写成提手旁。
钥|左右|钅,月|钅|扌|钥匙常由金属制成，可用钅帮助记字，但并非所有现代钥匙都一定是金属。
抚|左右|扌,无|扌|忄|抚可联系手的轻拍、抚摸；安抚情绪的方式也可以是说话。
况|左右|冫,兄|冫|氵|“况”左边是两点水，不是三点水。这是字形区分。
佬|左右|亻,老|亻|忄|佬指人，单人旁帮助记忆；右边是老。
缠|左右|纟,厘|纟|扌|细线缠绕，可用绞丝旁作记忆线索；不要写成提手旁。
绕|左右|纟,尧|尧|戈|右部是“尧”，上部不要加成“戈”的点；先和完整字形对照。
搂|左右|扌,娄|扌|木|搂是手臂围抱的动作，扌提示与手有关；“楼”的左边才是木。
臃|左右|月,雍|月|木|“臃”左边是月，写身体状态时可把它作为记忆线索。
肿|左右|月,中|月|氵|左边是月，右边是中；别把“肿”写成三点水。
俗|左右|亻,谷|亻|氵|左边是亻，右边是谷；先辨形，不把部件意思硬拼成庸俗。
枚|左右|木,攵|攵|文|右边是反文旁“攵”，不是“文”；这是量词的字形观察。
躯|左右|身,区|身|月|“躯”左边是完整的身字旁；可联系身体。
姿|上下|次,女|次|资|上面是“次”，下面是“女”；“资”下面是贝，不是女。
势|上下|执,力|力|刀|下面是“力”，不是“刀”；观察撇的位置和方向。
熬|上下|敖,灬|灬|心|底部是四点底；“熬”在课文里指勉强支撑，不可因四点底就解释为煮汤。
瞌|左右|目,盍|目|口|目字旁与眼睛有关，可帮助记住打瞌睡时闭眼的状态。
蹒|左右|⻊,两|⻊|月|“蹒”的左边是足字旁，右边上部还有草字头；此处重点辨认左部。
跚|左右|⻊,册|册|姗|右边是册；左边足字旁帮助联系走路，不是女字旁的“姗”。
惺|左右|忄,星|忄|目|“惺”是竖心旁；不要因为“睡眼”就把它改成目字旁。
忪|左右|忄,公|忄|木|“忪”是忄，“松”是木；词语固定写“惺忪”。
辉|左右|光,军|光|车|左边是光，右边是军；可由光彩帮助记住左部。
捐|左右|扌,肙|扌|氵|捐是提手旁，右部上口下月；先看部件再写。
拯|左右|扌,丞|丞|承|右边是“丞”，不是“承”；拯救有援助的意思，可用扌联想伸手救助。
券|上下|龹,刀|刀|力|“券”的下面是刀，“劵”的下面是力，字形不同。注意票券写刀。
肢|左右|月,支|月|木|肢表示肢体，左边月；树枝的“枝”左边才是木。
敏|左右|每,攵|攵|文|右边是攵，不是文；注意它与左边“每”的结构。
捷|左右|扌,疌|扌|⻊|“捷”左边是扌，不要因为动作迅速就改写成足字旁。
梭|左右|木,夋|木|纟|左边是木；梭是织布工具，穿梭借它往返的动作形容来回穿行。
辨|左中右|辛,刂,辛|刂|讠|“辨”中间是刂形，“辩”中间是讠；辨识重在分辨，辩论重在言说。
识|左右|讠,只|讠|氵|“识”是言字旁，右边是只；不要把左右位置颠倒。
馋|左右|饣,免及两点|饣|扌|左边食字旁提示与吃有关；右部下方两点不要漏写。
摔|左右|扌,率|扌|⻊|摔跤的“摔”用提手旁；别因跌倒与脚有关就改写成足字旁。
跤|左右|⻊,交|⻊|扌|“跤”是足字旁，右边交；同一个词中摔与跤的偏旁并不一样。
猛|左右|犭,孟|犭|亻|“猛”左边是犭；这是辨形线索，不能由偏旁断言所有动物都凶猛。
泽|左右|氵,𠬤|氵|扌|“泽”用三点水；光泽不是水泽，词义仍要看搭配。
缩|左右|纟,宿|纟|扌|左边是纟，右边宿；注意缩和宿不能当成同一个字。
枕|左右|木,冘|木|扌|“枕”左边是木；即使在句中用作动作，也不能改成扌。
啾|左右|口,秋|口|氵|口字旁帮助联系叫声，右部秋帮助辨认字形。
仰|左右|亻,卬|亻|扌|仰是亻，抑是扌；右部相同，左部不同，词义也不同。
凝|左右|冫,疑|冫|氵|“凝”是两点水，不是三点水；凝望的意思不能只凭偏旁判断。
笼|上下|⺮,龙|⺮|艹|上面是竹字头，里面有“龙”；不要写成草字头。
隔|左右|阝,鬲|阝|讠|“隔”的阝在左边；注意它与右耳旁字的位置不同。
惩|上下|征,心|心|灬|上征下心；底部不是四点底。
罚|上下|罒,讠刂|罒|四|上面是四字头“罒”，里面两竖；不要写成数字“四”。
潜|左右|氵,替|氵|冫|左边三点水，右边替；“潜逃”取偷偷的意思，不是游泳逃走。
喵|左右|口,苗|口|目|口字旁提示发声；目字旁通常联系眼睛，不能换用。
衔|左中右|彳,钅,亍|钅|木|中间是钅，两边合看是行的形状；这是结构记忆，不硬拼词义。
搞|左右|扌,高|扌|木|左边是扌，右边高；“搞错”是弄错，不是长得高。
谴|左右|讠,遣|讠|氵|谴责与责备有关，言字旁可作记忆线索。
估|左右|亻,古|亻|讠|“估”的左边是单人旁，右边古；先观察再写。
翼|上下|羽,異|羽|雨|上面是“羽”，不要误写成雨字头；“小心翼翼”不能按翅膀飞行理解。
褐|左右|衤,曷|衤|礻|“褐”是衣字旁衤，比示字旁礻多一笔；认真比较。
旋|左右|方及右部,疋|方|扌|先认左边的方，再观察右部；盘旋的路线是绕圈，字形须照标准字。
愣|左右|忄,罒方|忄|扌|“愣”是忄，右边上罒下方；不要写成扌。
傻|左右|亻,右部|亻|彳|左边是单人旁；“傻了眼”是语境中的惊呆，不是给人贴智力标签。
啼|左右|口,帝|口|⻊|口字旁帮助联想到叫声；足字旁“蹄”指动物的蹄子。
鸣|左右|口,鸟|鸟|乌|右边是鸟，不是乌；鸟字里的点不要漏掉。
觑|左右|虚,见|见|贝|右边“见”可帮助联系看；不是“贝”。
揪|左右|扌,秋|扌|口|揪是手旁，啾是口旁；揪心是比喻，不是实际抓心脏。
茂|上下|艹,戊|戊|戌|草字头下面是戊，不要多写成戌的内部一横。
扒|左右|扌,八|扌|口|手向两边拨开，可借扌联系动作；右部是八。
娇|左右|女,乔|女|扌|左边女，右边乔；别因娇嫩指声音就改写成口字旁。
掀|左右|扌,欣|扌|口|掀开涉及揭起的动作，扌是记忆线索；右边是欣。
啄|左右|口,豖|豖|豕|右部是“豖”，不要漏掉内部的点而写成“豕”。
俯|左右|亻,府|亻|扌|俯是单人旁，与身体俯低的动作联系；右边府不要漏点。
蹦|左右|⻊,崩|⻊|口|蹦是跳的动作，足字旁帮助记忆；右边崩是上下组合。
涂|左右|氵,余|余|佘|右边是“余”，不是“佘”；注意下部横笔数量和位置。
绒|左右|纟,戎|戎|戒|右边戎，不是戒；纟可帮助联想到纤维、细毛。
唤|左右|口,奂|口|扌|呼、唤都有口字旁，可联系发声招呼；“换”才是扌。
肩|上下|户,月|户|尸|上面户字头有点，下面月；联系身体部位帮助记忆。
喉|左右|口,侯|侯|候|右边是“侯”，不是“候”；“候”多一竖，仔细比较。
艰|左右|又,艮|艮|良|右边艮，不要加点写成良；左边又也要保留。
耗|左右|耒,毛|耒|木|左边“耒”比木多横画，不能写成木字旁。
旱|上下|日,干|日|目|上面日，下面干；把上下位置记清，不靠笔画拼出故事。
扩|左右|扌,广|扌|氵|扩大用扌，右边广；与矿、旷的左部区分。
蓄|上下|艹,畜|艹|⺮|上面是草字头，下面畜；“蓄”比“畜”多草字头。
澡|左右|氵,喿|氵|火|洗澡用水，可记三点水；“燥”是火旁，表示干燥。
浴|左右|氵,谷|氵|亻|浴是三点水，俗是单人旁；右边都可认出谷。
趋|左右|走,刍|走|⻊|左边是走字旁，不是足字旁；观察它托住右部的样子。
媒|左右|女,某|女|火|媒体的媒是女字旁；“煤”是火字旁，不能混写。
塑|上下|朔,土|土|王|下面是土，不是王；先看完整上下结构。
吨|左右|口,屯|口|钅|“吨”是口字旁，“钝”才是金字旁；量词义不能硬按口来解释。
廉|半包围|广,兼|广|疒|广字头里面是兼；不要写成病字旁。
垄|上下|龙,土|土|田|上龙下土；与“笼”的竹字头结构区分。
供|左右|亻,共|亻|扌|提供的供用亻，拱手的拱用扌；右边都是共。
焚|上下|林,火|火|心|上面林，下面火，可帮助联想到燃烧；先观察结构。
尘|上下|小,土|土|士|下面土的下横较长；不要写成士。
壤|左右|土,襄|土|攵|土壤的壤左边是土，可联系泥土；右部笔画多，分层观察。
遏|半包围|辶,曷|辶|阝|遏制的遏用走之底；不要与三点水的渴、立字旁的竭混写。
税|左右|禾,兑|禾|讠|税是禾字旁，说是言字旁；右边相同，左边不同。
倡|左右|亻,昌|亻|口|倡导的倡用亻，唱歌的唱用口；两字不能互换。
渐|左右|氵,斩|氵|冫|左边三点水，右边斩；逐渐不能漏掉水旁的一点。
构|左右|木,勾|木|纟|机构的构是木字旁；不要写成绞丝旁“纟”。
妥|上下|爫,女|女|子|下部是女，不是子；观察爪字头下面的交叉笔画。
煞|上下|刍攵,灬|灬|心|底部是四点底；煞费苦心的“心”是词里的另一个字，不是煞的底部。
统|左右|纟,充|纟|木|统计的统是纟，右边充；别漏掉右部上方的点。
型|上下|刑,土|土|彡|大型的型下面是土；“形”右边是彡，结构不同。
滥|左右|氵,监|氵|扌|泛、滥都有三点水；这里“垃圾泛滥”是引申义，不是真的发洪水。
缺|左右|缶,夬|缶|氵|左边是缶，不是三点水；看完整字形的上下横画。
亿|左右|亻,乙|乙|几|右边只有乙，不是几；数值很大，字形仍要看清。
憾|左右|忄,感|忄|扌|遗憾是一种心情，用忄帮助记；“撼”是扌，表示摇动。
谨|左右|讠,堇|讠|亻|谨慎的谨是言字旁；右部较密，分层看横画。
慎|左右|忄,真|忄|氵|慎是竖心旁，右边真；不要因谨是讠就把慎也写成讠。
渗|左右|氵,参|氵|亻|渗透涉及液体穿入，可用三点水作记忆线索。
透|半包围|辶,秀|辶|氵|透用走之底，里面秀；渗透两个字的偏旁并不相同。
狩|左右|犭,守|犭|扌|狩用反犬旁，右边守；与捕猎动物的语境联系记忆。
猎|左右|犭,昔|犭|扌|狩、猎同有犭；右边昔，不要多加或漏掉横画。
聘|左右|耳,甹|耳|目|聘请的聘左边是耳，不是目；观察中间横画。
啃|左右|口,肯|口|⻊|啃用嘴咬，口字旁帮助记忆；右边是肯。
疾|半包围|疒,矢|矢|失|病字旁里面是矢，不是失；要比较中间笔画。
锐|左右|钅,兑|钅|氵|锐减的锐是钅；不能因为数量减少就随意换偏旁。
减|左右|冫,咸|冫|氵|减少的减是两点水，不是三点水；这是常见易错处。
糟|左右|米,曹|米|木|糟左边是米；糟蹋不只用于粮食，词义仍看对象。
蹋|左右|⻊,日羽|⻊|扌|蹋是足字旁，右边上日下羽；不要与“塌”混写。
魁|半包围|鬼,斗|斗|升|右下部分是斗，不是升；完整字形按标准字观察。
祸|左右|礻,呙|礻|衤|祸是示字旁礻，不是衣字旁衤；别多加一笔。
研|左右|石,开|石|口|研用石字旁，右边开；不能写成口字旁。
睹|左右|目,者|目|日|目睹和看见有关，左边目里面有两横，不是日。
违|半包围|辶,韦|韦|伟|里面是韦，外面辶；不要把完整的伟塞进去。
拼|左右|扌,并|扌|饣|拼搏两字都是提手旁，可一起辨认左部。
搏|左右|扌,尃|尃|甫|右部下方有寸，不能只写甫；上部的点也要保留。
羡|上下|羊的变形,次|次|欠|下部是次，左侧两点不能漏；不要只写成欠。
诱|左右|讠,秀|讠|氵|诱惑的诱是讠，右边秀；与透的走之底区分。
惑|上下|或,心|心|灬|上或下心；底部不是四点底。
茫|上下|艹,氵亡|氵|冫|草字头下面左侧是三点水；别漏写成两点。
魂|左右|云,鬼|云|白|魂是云加鬼；魄左边才是白。词语不是灵异事实。
眠|左右|目,民|目|日|睡、眠都有目字旁，可联系闭眼休息；目比日多一横。
烁|左右|火,乐|火|钅|闪烁的烁用火，右边乐；用于话语时是引申义。
嫌|左右|女,兼|女|讠|嫌用女字旁，不要因嫌弃时会说话就换成讠。
逼|半包围|辶,畐|辶|口|逼用走之底，里面从上到下有一、口、田；依次观察。
怄|左右|忄,区|忄|扌|怄气是情绪，用竖心旁；“抠”才是提手旁。
烹|上下|亨,灬|灬|心|烹的下面是四点底，可联系烹调加热；不要写成心。
饪|左右|饣,壬|壬|王|食字旁与食物有关；右边是壬，不是王。
符|上下|⺮,付|⺮|艹|符合的符用竹字头，下面付；不要改成草字头。
憋|上下|敝,心|心|灬|憋的下部是心；此处可联系憋在心里的话和情绪。
婉|左右|女,宛|女|口|委婉的婉用女；“碗”的左边才是石，不要只看读音。
吼|左右|口,孔|口|目|吼是大声喊，口字旁帮助联系发声；右边孔。
驳|左右|马,爻|马|讠|反驳的驳是马字旁，不能因为是说话就改成讠。
缝|左右|纟,逢|纟|钅|缝用绞丝旁；同一个字在“缝衣”和“门缝”中读音、意思不同。
吭|左右|口,亢|口|氵|吭声与出声有关，口字旁可帮助记忆。
掩|左右|扌,奄|扌|氵|关门、遮盖可用手，扌作记忆线索；句中究竟哪一义仍看对象。
廊|半包围|广,郎|广|宀|走廊的廊是广字头，不是宝盖头；里面是郎。
熄|左右|火,息|火|口|熄左边火，右边息；指火、灯光灭，不要写成口旁。
诡|左右|讠,危|讠|忄|诡异的诡是讠，右边危；不是竖心旁。
蜷|左右|虫,卷|虫|纟|“蜷”左边虫，右边卷；蜷缩描述身体弯曲，不能由偏旁推断人物变成虫。
恐|上下|巩,心|心|灬|恐的底部是心，可联系害怕的心理感受。
怖|左右|忄,布|忄|扌|怖左边是竖心旁，右边布；恐怖两字都可找到心的线索。
宵|上下|宀,肖|宀|雨|宵上面是宝盖头；“霄”上面是雨字头，字义不同。
悚|左右|忄,束|忄|木|惊悚写惊恐感受，可用忄帮助记忆；右边束。
脖|左右|月,孛|月|亻|脖是身体部位，左边月；右边下部有子，不要漏掉。
瞥|上下|敝,目|目|心|瞥的下面是目，憋的下面是心；一个联系看，一个联系忍住。
炙|上下|肉的变形,火|火|灬|“炙”下面是完整的火，不是四点底；可联系烤的意思。
饰|左右|饣,右部|饣|衤|饰左边是食字旁，不是衣字旁；字形不能只凭现代词义猜。
拘|左右|扌,句|扌|犭|拘用扌，狗用犭；右边都是句，左部不可混用。
嘈|左右|口,曹|口|米|嘈杂与声音有关，可用口字旁帮助记；糟的左边是米。
沮|左右|氵,且|氵|忄|沮丧的沮用氵，不能因为表示心情就擅改成忄。
睿|上下|上部,目|目|贝|底部是目，不是贝；复杂上部需对照完整标准字，不作虚构拆义。
智|上下|知,日|日|目|上知下日；下部只有日，不是目。
搓|左右|扌,差|扌|木|搓是用手摩擦的动作，扌是记忆线索；右边差。
涩|左右|氵,刃止|刃|刀|右部上方是刃，有一点；不要漏点写成刀。
筹|上下|⺮,寿|⺮|艹|筹用竹字头，下面寿；这是字形观察，不能据此把筹划解释成种竹。
拾|左右|扌,合|扌|纟|拾用扌，右边合；与手的拾取、整理动作联系。
掇|左右|扌,叕|叕|双|右边由四个又组成，不是只有两个又的双；分两层观察。
颔|左右|含,页|页|贝|右边页可联系头部，左边含；不要写成贝。
棉|左右|木,帛|木|纟|棉花的棉左木，绵软的绵左纟；右边同为帛。
掏|左右|扌,匋|扌|⻊|掏用手取物，扌帮助记忆；右边不是完整的陶字。
崭|上下|山,斩|山|⺮|上山下斩；崭新虽形容新，不可漏掉山只写斩。
喃|左右|口,南|口|木|喃喃是声音，口字旁可帮助记；右边南。
涌|左右|氵,甬|氵|扌|涌用氵，捅用扌；心中涌动是借水流形容感情。
捅|左右|扌,甬|扌|氵|捅是提手旁；捅破秘密是引申义，不能画成真的戳破一个人。
珍|左右|王,㐱|王|氵|珍的左边写王字旁；“珍藏”强调珍重，勿漏掉左部一横。
