自卑|mirror:看自己的身材 > people:和别人比较 > heart:觉得自己不如人|“自卑”是别人已经证明她不如人吗？|不是，是她对自己的负面评价|是，只要自卑就客观上毫无优点|不是，是她觉得自己处处胜过人|自卑是觉得自己不如别人，不能把这种感受当作人的实际价值。
羡慕|eye:看到别人健美身材 > heart:觉得真好 > thought:希望自己也有|“羡慕”一定包含希望别人失去优点吗？|不一定，主要是欣赏并希望自己也有|一定，羡慕就是希望别人倒霉|不一定，主要是嫌弃别人的优点|羡慕与嫉恨不同；课文是看到别人的身材，自己也想拥有。
诱惑|goal:本想少吃零食 > food:零食吸引自己 > hand:忍不住想拿|“诱惑”在这个情境中是什么力量？|吸引自己去做原本想克制的事|强迫自己做事的正式命令|帮助自己完全忘记零食的力量|诱惑是吸引；这里让人难以坚持少吃零食的打算，不等于有人强迫。
毅力|goal:决定坚持运动 > obstacle:遇到困难和想放弃时 > loop:仍然继续做|“有毅力”最需要观察多久？|遇到困难后能否持续坚持|只看第一天说得多么兴奋|只看运动衣是否漂亮|毅力看持续行动，不能只凭一时热情或口头承诺判断。
茫然|question:听不懂或不明白 > thought:脑中没有方向 > person:不知怎么办|“一脸茫然”与“已经想好办法”有何不同？|不明白，暂时不知道怎么办|目标清楚，正准备行动|心里生气，故意责骂别人|茫然强调不清楚、无头绪；不必同时生气或悲伤。
魂不守舍|seat:身体在课堂 > thought:心神不定 > ear:难以集中注意|“魂不守舍”是在说灵魂真的离开身体吗？|不是，形容心神不定、精神不集中|是，课文证明发生了灵异事件|不是，形容专心听讲毫不分心|它是形象说法；课文没有交代她分神的确切原因，不能替她编造原因。
睡眠|night:应该睡觉的时间 > sleep:实际睡得少 > person:课堂打瞌睡|“睡眠不足”说的不足是什么？|睡觉休息的时间或质量不够|夜晚的灯光不够亮|做作业使用的纸张不够多|课文用打瞌睡推测睡眠不足；“好像”说明是观察者的推测。
闪烁其词|question:问她怎么了 > speech:回答含含糊糊 > turn:回避说清事情|为什么“闪烁其词”不只是声音小？|回答躲闪含糊，不肯说清|只要轻声说实话就算|只要说话速度快就算|“闪烁”的形象用于话语躲躲闪闪，核心是回避、不明确，不是音量。
嫌|computer:妹妹用电脑 > time:哥哥觉得时间太久 > speech:表示不满|“嫌”在这里表达什么？|觉得某处不好而不满意|觉得对方做得很好而赞美|看清楚屏幕上的小字|“嫌……太久”指出不满的具体原因；不等于所有不同意见都是嫌弃整个人。
逼|person:妹妹不想让电脑 > force:哥哥施加压力 > computer:要求必须让出|“逼”与“请”在态度上有何区别？|逼带有强迫对方的意思|逼是完全让对方自由选择|逼只是有礼貌地提出邀请|“逼”说明施压、强迫；与商量或请求的语气不同。
霸道|computer:两个人都想使用 > force:哥哥只顾自己 > lock:不容对方选择|“霸道”最关键的表现是什么？|蛮横地只按自己的意思行事|清楚地说明自己合理的需要|愿意一起商量轮流使用|有需要不等于霸道；不讲理地强迫别人服从才是关键。
怄气|speech:发生争吵 > heart:心里不满 > turn:赌气不理对方|“怄气”与“平静地讨论”有何不同？|因不满而赌气|把理由说明白，寻求办法|已经开心地原谅了对方|怄气是情绪和赌气行为；后文哥哥示好，作者决定不再怄气。
烹饪|food:准备食材 > pot:加热调味等加工 > meal:做成饭菜|“烹饪”是什么活动？|把食材加工成饭菜|只把买来的食材放进冰箱|只把吃过的碗碟洗干净|烹饪是做饭做菜，不包括一切发生在厨房里的活动。
符合|thought:爸爸希望做会计 > thought:我想成为厨师 > unequal:两个方向不同|为什么说梦想“不符合”爸爸的期望？|自己的选择与爸爸期待不一致|自己的选择一定没有价值|爸爸完全没有任何期望|符合指相一致；不符合别人的期望，不等于自己的梦想错误或无价值。
憋|heart:心里很讨厌 > speech:想说一句话 > lock:一直忍住没说|第一段“憋在心里”的是什么？|强忍着没有说出口的话|因为潜水而憋住的空气|已经大声说出来的话|憋可用于气、话或情绪；这里主语是“这句话”，所以指忍住未说。
委婉|speech:直接说“关灯！” > speech:换成较温和的提醒 > people:顾及对方感受|“委婉”一定是什么都不说吗？|不是，用温和含蓄方式表达意见|是，把所有想法永远藏起来|不是，是故意骂得更响|委婉仍然传达意思，只是方式不生硬；不是不表达，也不是虚假承诺。
吼|heart:忍无可忍 > mouth:张口大声喊 > sound:音量很大|“吼”比“说”多呈现了什么？|声音很大，语气强烈|一定有充分证据证明自己对|嘴巴在动，却完全没有声音|“吼”呈现声音和情绪强度，不说明说话者的观点一定正确。
反驳|speech:对方提出说法 > thought:不同意 > speech:提出相反理由|“反驳”与“反问一句”必然相同吗？|不同，反驳是提出理由反对说法|相同，任何疑问都是反驳|不同，反驳就是重复赞同对方|反驳针对别人的观点提出反对意见或理由；课文写她“不敢”，不能推成她已同意。
缝|door:门原先关着 > gap:只开一道窄口 > person:可见模糊人影|“一条缝”里的“缝”读义是哪一种？|fèng：狭小的空隙|féng：用针线连接布料|féng：表示门开得很宽|量词“一条”和门开窄口限定为名词“缝隙”，读fèng。
吭声|question:蒋妍问“谁？” > person:门外女生 > mute:没有出声回应|“没有吭声”能确定什么？|她没有出声说话|她一定没有听见问题|她一定就是吓人的鬼|没有吭声只说明未出声；原因需要其他证据，不能凭沉默乱猜身份。
掩|door:门先开一道缝 > hand:把门合上 > doorClosed:门口重新被挡住|课文“掩上门”的“掩”是什么意思？|把门关上|用手遮住自己的嘴|把门开得更大|掩有遮盖、关闭等义；宾语是门，且写“掩上”，这里是关门。
走廊|room:一间宿舍 > corridor:连接房间的通道 > room:另一间宿舍|“走廊”与“房间”有什么关系？|在房间外连接、通行的地方|房间里专门睡觉的床位|房间上方挡雨的屋顶|走廊是通道；课文“探出身望”提示视线从房内转向房外。
熄灯|lamp:灯原来亮着 > switch:关闭灯 > dark:房间暗下来|“熄灯”发生什么变化？|灯由亮变灭|灯由灭变亮|灯的位置从左搬到右|“熄”是火或灯光灭；与“点亮”相反，位置变化不是重点。
诡异|person:不回应的陌生人 > face:古怪地笑 > heart:让人不安|“诡异”能证明出现了鬼吗？|不能，只形容奇怪得令人不安|能，所有古怪的笑都来自鬼|不能，只说明对方十分友善|“诡异”写观察者感受到的异常；结尾解释为走错宿舍的同学。
蜷缩|person:身体原先展开 > inward:四肢弯曲靠拢 > blanket:缩在被子里|“蜷缩”的身体是什么形态？|弯曲、收拢成一团|四肢向外伸得很直|站着把头高高仰起|蜷有弯曲义，缩有收拢义；合起来描述身体姿态，不是只换一个位置。
瑟瑟|heart:觉得害怕 > person:身体细小颤动 > blanket:裹在被子里|“瑟瑟发抖”一定说明房间很冷吗？|不一定，害怕也会发抖|一定，发抖只能因为低温|不一定，是在有节奏地跳舞|要结合恐惧情境；同样的发抖动作可能由寒冷或害怕引起。
恐怖|dark:看不清楚 > thought:把陌生人想成鬼 > heart:非常害怕|课文称“恐怖事件”，主要呈现谁的感受？|当时两位室友害怕的感受|证明来访女生确实危险|说明宿舍后来一直闹鬼|恐怖表示令人害怕；标题与结尾误会形成联系，不能当成超自然事实。
通宵|moon:从夜里开始聊天 > time:整夜过去 > sun:直到天亮|“通宵”与“晚上聊了一会儿”区别在哪？|跨过整个夜晚|只在睡前聊几分钟|只在中午聊了半小时|通宵是整夜，不是所有发生在晚上的活动都叫通宵。
惊悚|eye:看见难以解释的人影 > heart:惊恐不安 > thought:后来知道是误会|“惊悚而美丽”中的“惊悚”指什么？|当时让人惊恐的感受|事后结交朋友的喜悦|事情从头到尾都很平淡|同一事件可先令人惊恐，后带来友谊；“美丽”没有取消当时的害怕。
脖子|head:头部 > neck:连接处 > body:躯干|“脖子”位于哪里？|头与躯干之间|手掌与手臂之间|小腿与脚掌之间|脖子是头和躯干连接的部位；此处先弄清身体位置，避免把身体差异等同个人价值。
瞥|eye:目光转过去 > time:很短一下 > turn:又转开|“不经意的一瞥”与“凝望”有何区别？|看得很快，可能并不留意|久久注视，注意力很集中|闭着眼睛，完全没有看见|瞥强调短暂一眼；作者当时很敏感，不能据此认定每个同学都在嘲笑她。
炙|sun:烈日的热力 > person:感到炽热难受 > heart:被注视时也这样难受|“犹如被烈日炙烤”是教室真的着火吗？|不是，用热的难受比喻被注视的感受|是，课文说火烧到了她身上|不是，表示她正在愉快地晒太阳|炙是烤；“犹如”明确提示比较，用身体灼热感表达心理不自在。
社交媒体|person:发布照片 > screen:网络平台 > people:朋友留言互动|“社交媒体”比一张保存在相册里的照片多什么？|通过平台与别人分享、互动|照片一定用最贵的相机拍摄|每张照片一定是公开给全世界|关键在网络上的发布互动；公开范围取决于设置，不一定人人都能看。
掩饰|person:外在打扮 > curtain:想遮住真实情况 > eye:别人仍可能看见|“掩饰不了缺陷”中的“掩饰”是什么？|设法遮盖，不让人看出|主动详细地告诉别人|把脖子的情况实际治疗好了|掩饰强调隐藏表象，不等于问题已经消除或被治疗。
拘束|person:站到讲台前 > arms:动作放不开 > heart:紧张不自在|“拘束”是被绳子绑住了吗？|不是，是紧张得不自然、放不开|是，老师把她绑在讲台前|不是，是她特别自在放松|这里说心理状态影响举止，不是外在绳索真的束缚身体。
嘈杂|speech:这边有人说话 > sound:那边也有声音 > mix:声音混在一起|“嘈杂”一定是某个人说得最响吗？|不一定，重点是声音多而杂乱|一定，只能有一个声音来源|不一定，重点是完全没有声音|与后文“无比安静”对照，嘈杂写多种声音混杂，并非只量一个人的音量。
局促|people:同学都注视她 > person:身体不知怎样摆 > heart:越来越不安|“局促不安”里的“局促”指空间狭小吗？|不是，指紧张窘迫、不自在|是，只说明教室面积太小|不是，指脚步十分轻快|局促有不同义项；与“不安”、脸红搭配，语境选择心理状态义。
沮丧|question:最美的姿势是什么 > thought:我没有美的姿势 > heart:灰心失落|“沮丧”与“内疚”在这里差在哪里？|因失望而灰心，不是因过错自责|因伤害别人而请求赔罪|因得到表扬而兴奋不已|她认为自己没有美的姿势，产生失落；不是承认对别人做了坏事。
睿智|photo:托腮思考的姿势 > eye:同学看着照片 > thought:觉得像有智慧的人|“看起来好睿智”在评价什么？|照片呈现出有智慧的神态|照片证明她每题考试都满分|照片说明她的年龄比大家大|睿智指有智慧、见解深；“看起来”限定为照片印象，不能推出具体成绩。
搓澡|water:洗澡时 > hands:用手或毛巾来回擦 > body:清洁身体|“搓澡”比“把水淋在身上”多什么动作？|在皮肤上来回擦洗|只把水倒进浴盆里|只洗换下来的脏衣服|“搓”强调摩擦动作，“澡”限定清洗身体；两字共同说明活动。
涩涩|people:别人父子温暖交谈 > person:想到自己和父亲疏离 > heart:说不出的难受|“心里涩涩的”是哪一种感受？|苦涩难受，难以说清|嘴里吃到未熟果子的涩味|手摸到木板粗糙的触感|“心里”限定为情绪感受；可借口感联想，但不能把它当成真实味觉。
筹划|school:准备上高中 > thought:考虑需要什么 > plan:安排接下来的事情|“筹划”发生在行动的哪一阶段？|事先想办法、作安排|所有事情结束后只作庆祝|完全不想，临时随便决定|筹划强调计划、安排过程；与最终完成或随意行动不同。
拾掇|bag:寄宿要用的东西 > hands:收拾整理 > box:装好准备带走|课文“拾掇”是在做哪一种事？|整理准备寄宿所需的物品|把所有物品扔掉不再使用|只弯腰捡起地上的一枚硬币|拾掇在这里是收拾整理，范围比单次“捡起来”大；要结合寄宿用品。
颔首|speech:孩子讲学校的事 > face:父母微笑 > down:头轻轻向下点|“颔首”是哪一种头部动作？|点头|左右摇头|一直仰头看天空|颔首就是点头；“首”是头，“颔”可联系下巴。点头的具体意思仍要结合语境。
棉|plant:棉花纤维 > cloth:做成材料 > hat:制成帽子|“棉帽子”的“棉”首先提示什么？|帽子的材料|帽子一定只有白色|帽子只能由母亲来做|棉指棉花及其纤维，做成物品后可以有不同颜色和款式。
掏|bag:书在背包里面 > hand:手伸进去 > book:从里面取出来|“掏”与“塞”方向有何不同？|掏是由里取出，塞是往里放|掏是往里放，塞是由里取出|两者都只把东西放在袋子旁|课文“从背包中掏出”明确了从内部到外部的方向。
崭新|book:刚买来的复习资料 > shine:没有旧损痕迹|“崭新”一定等于“很昂贵”吗？|不一定，重点是非常新|一定，只有贵的东西才崭新|不一定，重点是保存很久|新旧与价格是不同维度；崭新强调全新，不直接说明贵贱。
喃喃|person:父亲抚摸孩子的头 > speech:好好学吧，好好学吧 > sound:低声反复说|“喃喃自语”与“吼叫”区别何在？|声音低，小声连续地说|声音很大，朝远处喊叫|一句话都没有发出声音|“喃喃”写低声细语；课文重复的话显出父亲的期待，不是严厉吼叫。
涌动|book:父亲带回复习资料 > heart:心中出现强烈感受 > wave:感情像水一样流动|心里“涌动”的是什么？|强烈出现的幸福感|真的流进胸口的一股水|突然消失得毫无痕迹的感情|“后来我才知道，那叫幸福”说明对象是感情；借水涌的形象写感受强烈。
县|map:行政区域 > town:区域内有城镇乡村 > arrow:邻近的另一个县|“邻县”的“邻”说明什么关系？|附近、相邻的县|父亲住的那一间房|全国所有地方都算同一县|县是行政区域单位；邻县是附近另一个县，不是邻居家的房间。
捅|secret:父亲继续搓澡的秘密 > speech:若直接说破 > unlock:原先未明说的事被揭开|“把秘密捅破”是真的戳破物体吗？|不是，是揭开、说破秘密|是，用手指戳破父亲的背包|不是，是把秘密写成密码|“秘密”限定为比喻用法；不想捅破，是不愿当面揭开这件事。
珍藏|heart:父亲默默付出的秘密 > box:在心中好好保存 > time:用一生慢慢体会|“珍藏”一定要把实物锁进箱子吗？|不一定，也可以珍重地保留记忆和感情|一定，没有实物就不能珍藏|不一定，只要忘得干净就算|“珍”强调珍重；“藏”是保存。这里保存的是对父爱的理解与记忆。
