# 词语|字义线索|学习情境|正确项|误读一|误读二|迁移填空|解析
淘气|淘气：顽皮，爱玩闹；不等于品行恶劣。|弟弟很淘气，趁姐姐不注意，在她鼻尖点了一点面粉。|顽皮，喜欢跟别人玩闹|凶狠，故意让别人受伤|活泼，认真帮助别人|这个孩子很__，总爱躲在门后逗哥哥。|点面粉是在玩闹，不能因此说他心肠坏。
惹|惹：引起；常说惹麻烦、惹人生气。|他把水洒在电脑上，惹出了大麻烦。|引起了不好的事情|解决了原有的问题|忍受了别人的责骂|别拿同学的名字开玩笑，免得__他生气。|麻烦由洒水引起，这里的惹就是引起。
两肋插刀|两肋：胸部两侧；整个成语比喻为朋友承担很大风险。|他说愿为朋友两肋插刀，但不会帮朋友欺负别人。|愿为朋友承担困难和风险|愿帮朋友做任何违法的事|愿真的拿刀刺伤自己的身体|他十分讲义气，朋友有难时，愿意为朋友__。|这是讲义气的比喻，不是要求伤害自己或包庇错误。
科技|科：科学；技：技术。|团队用科技改良水管，机器能自动发现漏水的地方。|科学知识和技术的应用|所有靠双手完成的劳动|从前人那里传下的习惯|这项__让机器能帮助医生看清身体内部。|自动发现漏水体现科学和技术的应用。
来者不拒|来者：来的人；拒：拒绝。|有人请阿明帮忙讲题，他总是来者不拒。|来求助的人，他都愿意接待|只愿意帮助熟悉的朋友|从来不向别人提出要求|学校的读书会欢迎大家报名，对爱读书的人__。|情境中说的是对前来求助的人不拒绝。
口头禅|指一个人经常挂在嘴边的话。|不管遇到什么困难，爸爸的口头禅都是“慢慢来”。|经常说的一句习惯用语|只在重要场合说的誓言|心里想着却从来不说的话|“没问题！”是他的__，一天能听他说好几次。|反复挂在嘴边，才是这里的重点。
小事一桩|桩：用于事情的量词；小事一桩表示事情容易办。|我请姐姐帮忙找资料，她笑着说：“小事一桩！”|这件事很容易办到|这件事完全不值得做|这件事只能一个人完成|修好这个小玩具对他来说是__，几分钟就完成了。|她在表示能轻松帮忙，不是在拒绝请求。
人缘|人：周围的人；缘：这里指人与人的关系。|他待人友善，人缘很好，大家都愿意跟他合作。|容易得到别人的喜欢|认识的人住得很近|跟别人有亲属关系|她总是主动关心同学，__很好，朋友也多。|大家愿意合作，说明她受到欢迎。
红润|红：红色；润：润泽；常形容健康的气色。|运动后，她的脸色红润，看起来很有精神。|脸色红而有光泽|脸被晒伤后又红又痛|脸上涂了很厚的红色颜料|休息了一阵子，她的脸色恢复了__，不再苍白。|有精神的脸色与晒伤、化妆不同。
直率|直：不绕弯；率：坦率自然。|他性格直率，不同意时会清楚说出来，也注意尊重别人。|说话坦白，不拐弯抹角|想说什么就骂什么|习惯隐瞒自己的想法|她为人__，有意见会直接提出，不会背后抱怨。|坦白表达不等于没有礼貌。
沉默寡言|沉默：不出声；寡：少；言：话。|他平时沉默寡言，但遇到喜欢的话题也会开口。|平时很少说话|完全不会说话|只会说难懂的话|哥哥性格内向，在陌生人面前更加__。|说得少不等于没有说话能力。
争辩|争：争论；辩：说明理由。|两人为了谁先用球场而争辩，都提出自己的理由。|各自讲理由，争论对错|一起商量，已达成一致|互相推打，不愿开口说话|两人对规则理解不同，开始你一句我一句地__。|有不同意见并各讲理由，是争辩。
冤枉|这里指错误地责怪没有过错的人。|明明没拿同学的笔，却被认定是他拿的，他觉得很冤枉。|没做错却受到责怪|做错事后受到合理处罚|帮助别人后没有得到奖励|后来找到了丢失的钥匙，老师才知道自己__了小杰。|没拿笔却被指责，是受到不实责怪。
推荐|推：推举；荐：介绍。|老师推荐这本书，说它适合我们现在的阅读程度。|介绍给别人，希望别人采用|强迫所有人立刻购买|告诉别人这本书不能阅读|你读过很多科幻小说，能__一本给我吗？|推荐是提供选择和理由，不是强迫。
捣乱|捣乱：故意扰乱，使事情不能正常进行。|大家排队时，他故意推来推去，老师制止他捣乱。|故意破坏正常秩序|不小心站错了队伍|认真提醒别人排队|演出时请安静观看，不要在台下大叫__。|情境强调故意干扰，不是无心失误。
瞬间|瞬：眨眼的短时间；间：期间。|灯一亮，原本漆黑的房间瞬间变得明亮。|极短的一段时间里|经过很长时间以后|每天同一个时间里|听到下课铃，同学们__精神了起来。|由暗到亮非常快，所以用瞬间。
兴致勃勃|兴致：兴趣；勃勃：旺盛的样子。|一听可以设计机器人，他便兴致勃勃地讨论起来。|很有兴趣，情绪高涨|心里害怕，勉强参加|十分生气，准备争吵|同学们__地参观科学馆，不停提出问题。|主动热烈讨论表现出浓厚兴趣。
狼狈|形容困窘、难堪的样子，不必真有狼。|他跌进水坑，衣服全湿，鞋上都是泥，十分狼狈。|处境难堪，样子很窘迫|衣着简朴，生活很节省|动作迅速，样子很神气|雨伞被风吹翻，我浑身湿透，__地跑进车站。|湿衣泥鞋让他难堪，不只是衣着朴素。
讥讽|讥、讽都有嘲弄的意思；不同于善意提醒。|同学跌倒了，他却讥讽道：“你走路可真厉害！”|用挖苦的话嘲笑别人|认真称赞别人的本领|温和地提醒对方小心|别人失败时，我们应鼓励他，不该用难听的话__他。|表面说厉害，实际在挖苦跌倒的人。
口吻|这里不是嘴唇，而是说话的语气。|她用关切的口吻问：“脚还疼吗？”|说话时流露的语气|说话时发出的音量大小|说话时嘴巴张开的形状|老师用温和的__安慰紧张的学生。|关切描述说话的态度，不是声音大小。
赌气|赌气：因不满而故意做某事；不是赌博。|妈妈劝他休息，他却赌气说：“我偏不睡！”|心里不服，故意跟人作对|认真考虑后提出新计划|拿钱跟别人猜输赢|他和朋友吵架后__不肯吃饭，大家都来劝他。|“偏不”表现不满后的反着做。
拉扯|拉、扯都与用力牵拉有关。|两人各抓着书包一边，互相拉扯，谁也不放手。|双方用力牵拉东西|两人轮流把东西递过去|一起把东西整齐放好|弟弟抓住我的衣角不断__，不让我走。|抓住两边不放，呈现牵拉动作。
手足无措|手足：手和脚；措：放置；比喻慌得不知怎么办。|小孩突然大哭，他手足无措，一会儿找纸巾，一会儿找人帮忙。|慌乱得不知道怎样应对|手脚受伤，完全不能动|事情太多，但早有安排|第一次独自处理突发情况，她有些__，连电话都拨错了。|慌乱没有办法，不是手脚失去功能。
审案|审：审查；案：案件。|法官审案时，听取双方陈述，再查看证据。|查明案件的事实和责任|只听一方说完就处罚|把发生的事情写成故事|法官正在__，请证人说明当天看到的情况。|听双方、查证据，是为了查清事实。
律师|提供法律服务、维护合法权益的专业人员。|家人遇到法律问题，请律师解释有关规定。|运用法律提供帮助的人|负责宣布所有判决的人|负责把新闻播报出来的人|他不懂这份合同的法律条款，便向__请教。|律师帮助处理法律问题，判决通常由法官作出。
拔刀相助|拔刀是原来的动作形象；今天多比喻见义勇为、帮助别人。|看到同学被欺负，她拔刀相助，上前制止并找老师。|见到不平，主动帮助别人|随身带刀，准备与人打架|不问原因，帮好友欺负人|路人遇到困难，他立即__，主动上前帮忙。|这里用制止和求助来帮助别人，没有真的拔刀。
振振有词|形容自以为理由充分，说得很有气势；不保证说得对。|他明明迟到了，还振振有词地说大家应该等他。|自认为有理，说得很有气势|已经承认错误，小声道歉|理由一定正确，人人同意|他忘了值日，却__地说：“少扫一天又怎样？”|明明有错仍说得理直气壮，不能把气势当成正确。
心虚|这里指因理亏或怕被揭穿而不安。|他没做作业，老师一问，他就心虚地低下头。|知道自己理亏，心里不安|身体虚弱，无法站稳|心中平静，完全不害怕|偷偷打破杯子后，他一见妈妈就__，不敢抬头。|不安来自没完成作业，不是身体没力。
哑口无言|哑口：说不出话；无言：没有话说。|老师拿出证据后，他再也找不到借口，哑口无言。|没有话可以用来反驳|嗓子受伤，暂时发不出声音|不愿解释，因为完全没听见|事实摆在眼前，他再也无法狡辩，只能__。|证据让借口站不住脚，不是嗓子坏了。
判决|判：判断；决：作出决定；这里是法律上的裁决。|法庭依法作出判决，说明谁须承担责任。|法院对案件作出的裁决|旁观者对事情随口猜测|警方刚收到的一条线索|双方听完法庭的__，知道了案件的处理结果。|判决是审理后的正式裁决，不是猜测。
错误|错、误都表示不正确。|他把六乘七算成四十八，老师请他改正错误。|不正确的内容或做法|还没做完的内容|与别人不同但正确的答案|检查时，我发现了一处计算__，马上改正。|计算结果不正确才叫错误，不因不同就一定错。
皱纹|皱：表面不平；纹：纹路。|爷爷笑起来，眼角的皱纹更明显了。|皮肤表面形成的纹路|脸上突然出现的泥点|眉毛上长出的白色毛发|岁月在奶奶的额头上留下了一道道__。|眼角的细纹属于皮肤纹路。
哄堂大笑|哄堂：满屋子的人一起出声；大笑：笑得很响。|老师做了个有趣的动作，引得同学们哄堂大笑。|全屋的人一起大声笑|一个人躲起来偷偷笑|大家生气地大声争吵|他的幽默回答让全班__，教室里满是笑声。|是众人同时发笑，不是单独一人。
标准|这里指衡量是否合格的依据。|投篮比赛有统一标准：站在线外，投中才算。|大家共同遵守的判断依据|只有冠军可以改变的规定|比赛结束后随意决定的结果|老师先说明评分__，再让大家开始练习。|统一依据让评判一致，不是事后随意决定。
金属|铁、铜、铝等都属于金属。|这把勺子用不锈钢制成，是金属勺。|由铁、钢等材料制成|只有用黄金制成才算|只要表面发亮就都算|这只盒子是__做的，敲起来发出清脆的响声。|不锈钢也是金属；金属不等于黄金。
绰号|本名以外，根据特点等取的称呼；应尊重对方感受。|他跑得快，朋友给他取了个绰号叫“小飞人”。|本名以外的特别称呼|出生时登记的正式姓名|参加考试使用的座位号码|大家根据他的长处给他起了个__，他也很喜欢。|小飞人来自特点，是本名之外的称呼。
离谱|谱在这里可联系通常的准则；离谱指偏离常理。|一支普通铅笔标价一千元，大家觉得贵得离谱。|过分偏离通常的情况|价钱稍微便宜了一些|商品已经完全卖光了|他竟说一分钟能跑完一百公里，真是太__了。|价格远超常情，才强调离谱。
叛逆|叛：背离；逆：不顺从；这里指强烈反抗约束。|那段时间，他很叛逆，父母说什么，他都故意反着做。|强烈抗拒别人的约束|认真思考后礼貌地建议|因没听清而做错事情|青春期的他曾十分__，总爱挑战家里的规矩。|故意事事反着做，区别于有理有据地建议。
发誓|誓：郑重的承诺；发誓是郑重表示决心。|他发誓不再撒谎，说自己一定说到做到。|郑重地表示自己的决心|随口讲一个好笑的故事|偷偷猜测别人会怎么做|他举起手__：“我一定信守承诺！”|一定说到做到，是郑重表态。
牢记|牢：牢固；记：记住。|老师说的安全规则，他一直牢记在心。|记得牢，不轻易忘记|听到后马上抄写一遍|只记得几个模糊的词语|出门前，妈妈叮嘱我__回家的路线。|一直记住，才是牢记，不以是否抄写为准。
持之以恒|持：坚持；恒：长久不变。|他每天练琴，三年没有放弃，真正做到了持之以恒。|长久地坚持做一件事|兴奋时一次做很多事情|只坚持到第一次遇到困难|学习语言需要__，不能只靠考前几天努力。|三年每天练习，突出长期坚持。
鸦雀无声|连乌鸦、麻雀的声音也没有，形容十分安静。|老师宣布结果前，教室里鸦雀无声，大家屏住呼吸。|安静得听不到一点声响|教室里没有养任何鸟类|所有人都已离开教室|电影开始后，放映厅里__，观众静静地看着银幕。|大家还在场，只是全都安静下来。
