# 词语|图标:标签|图标:标签|图标:标签
两肋插刀|people:朋友遇到困难|shield:愿承担风险|hand:出手帮助
来者不拒|people:有人来求助|door:不把人挡在门外|hand:愿意帮助
沉默寡言|people:大家在聊天|person:他听着|mute:很少开口
冤枉|hand:没有拿笔|speech:却被说成拿了|heart:感到委屈
瞬间|lamp:前一刻：暗|time:很短的时间|sun:下一刻：亮
讥讽|foot:同学跌倒|speech:你可真厉害！|heart:实际在挖苦
手足无措|egg:意外发生|thought:怎么办？|arrows:慌乱没主意
审案|ear:听双方说法|eye:查验证据|balance:判断责任
振振有词|stop:明明没守规则|speech:却说自己有理|unequal:气势大 ≠ 有理
心虚|paper:没做作业|eye:老师询问|heart:怕被发现
哑口无言|speech:原本找借口|paper:证据摆出来|mute:无法再反驳
持之以恒|time:今天练|loop:每天坚持|chart:长期积累
象征|bird:白鸽形象|arrow:表达一种意义|heart:和平的愿望
辞旧迎新|time:过去的一年|hand:告别过去|sun:迎接新年
预示|cloud:乌云出现|thought:提示可能变化|rain:大雨可能到来
前夕|time:准备阶段|arrow:即将开始|people:正式活动
缺席|people:今天有排练|person:本应参加|gap:因病没有到场
莫名其妙|speech:突然生气|thought:没有解释|person:不明白原因
偷龙转凤|box:原来是甲|arrows:暗中掉换|box:变成了乙
天涯海角|map:家在这里|globe:去到很远的地方|heart:依然牵挂
分割|paper:一个整体|arrows:分开|box:几个部分
饱经风霜|rain:困难接连发生|time:经历多年|person:经历很多磨难
融合|palette:不同特色|plus:相互结合|star:形成新风味
映衬|leaf:绿叶作背景|eye:一起观看|plant:白花更突出
松懈|person:原来认真练习|down:放松要求|stop:开始敷衍
里程碑|foot:不断前进|star:一次重大突破|chart:标志重要进展
发掘|eye:发现画画长处|hand:鼓励和培养|palette:才能得到发挥
打道回府|map:出门参观|time:活动结束|door:动身回家
一诺千金|speech:答应帮忙|shield:遇到困难仍坚持|check:兑现承诺
言出必行|speech:先作承诺|hand:付诸行动|check:做到答应的事
一帆风顺|wave:顺风行船|arrow:比喻|check:事情顺利
尴尬|speech:叫错名字|eye:发现认错|face:难堪不自在
维护|people:共同使用|shield:一起保护|check:保持良好状态
工作坊|eye:看示范|hand:自己动手|check:学会方法
催促|time:快迟到了|speech:请快一点|foot:加快行动
嗓子眼|eye:看到险情|heart:非常担心|up:心提到嗓子眼
亏|money:成本50元|down:只收回40元|money:少了10元
徒劳无功|hand:反复按开关|gap:没有接电|lamp:灯仍然不亮
梦寐以求|thought:很想参加|time:盼望已久|heart:强烈的愿望
踪影|cat:小猫跑进树林|tree:树木遮挡|eye:找不到痕迹
晋级|people:参加初赛|check:通过选拔|up:进入下一轮
收拢|outward:原本展开|inward:向中间合起|check:聚在一起
腾空而起|water:原在水中|up:向上跃起|sun:身体进入空中
安然无恙|wave:遇到危险|shield:平安脱险|check:没有受伤
欺软怕硬|person:遇到弱小：欺负|unequal:两种态度|shield:遇到强者：害怕
一哄而散|people:原来聚在一起|outward:一下子散开|gap:各自离去
流连忘返|eye:景色很美|heart:舍不得离开|time:迟迟不愿回去
绞尽脑汁|thought:想办法|loop:想了又改|battery:费尽心思
独树一帜|palette:采用独特设计|unequal:与常见风格不同|star:有自己的特色
传播|speech:一个人知道|arrows:消息传出去|people:更多人知道
熔化|box:固体|fire:受热|water:变成液体
陷入|foot:事情原在进行|gap:遇到难题|knot:一时难以脱身
飞跃|chart:原来发展缓慢|up:取得重大突破|star:明显进步
拆卸|box:装好的物品|outward:取下各部件|box:分开的零件
攒钱|money:本月存一点|plus:下月再存一点|chart:逐渐积累
成就感|hand:自己努力做|check:做成了|heart:满足、有收获
背井离乡|door:家乡|map:远行|person:到外地谋生
延误|time:原定8点到|stop:故障耽误|time:实际8点半到
就绪|box:工具到位|people:人员到位|check:准备完成，待开始
归功于|check:取得成功|thought:为什么成功？|people:得益于共同努力
协调|people:各组需要场地|arrows:调整不同时间|check:彼此顺利配合
假以时日|plant:刚开始学习|time:再给一些时间|tree:有望更熟练
平凡|person:普通工作|hand:认真付出|star:同样有价值
撤离|fire:危险区域|outward:按指示退出|shield:到安全地点
牺牲|time:原有休息时间|hand:为救援而放弃|heart:舍弃自身利益
威胁|wave:洪水上涨|arrow:危险逼近|door:安全受到影响
