# 课文ID|词语|新情境填空|答错提示
s2u1l1|疲惫|徒步走了整整一天，大家都十分__，只想坐下休息。|走了一整天，身体已经很累。
s2u1l1|犹豫|我想报名演讲，又怕表现不好，站在报名处__了很久。|想报名又害怕，还拿不定主意。
s2u1l1|内疚|我误会了朋友，还当众责怪他，知道真相后十分__。|觉得自己对不起朋友，心里不安。
s2u1l1|代沟|爷爷总觉得我的兴趣奇怪，我也不懂他的想法，我们决定多聊天，减少__。|两代人之间需要增进理解。
s2u1l1|迎刃而解|找到了程序出错的关键，原本困扰我们的几个问题便__。|抓住关键后，问题顺利解决。
s2u1l2|爱不释手|弟弟收到盼望已久的绘本，翻了一遍又一遍，简直__。|非常喜欢，所以舍不得放下。
s2u1l2|碰钉子|他想请同学替自己值日，却被一口拒绝，又一次__了。|请求遭到了拒绝。
s2u1l2|泼冷水|大家正兴奋地商量表演，他却说“你们肯定做不好”，给大家__。|一句话打击了大家的热情。
s2u1l2|扪心自问|责怪别人之前，我先__：“这件事我有没有责任？”|认真反省自己的做法。
s2u1l2|心不在焉|他上课时一直想着球赛，__，连老师问什么都没听清。|人在课堂，心思却在别处。
s2u1l3|战战兢兢|我弄坏了爸爸珍爱的模型，走进书房时__，连声音都发抖。|因为害怕受责备，格外小心。
s2u1l3|安抚|弟弟受惊后不停地哭，姐姐轻拍他的背，柔声__他。|让激动、害怕的情绪平静下来。
s2u1l3|和事佬|两个组员吵起来，班长主动当__，劝他们好好商量。|从中劝双方和解的人。
s2u1l3|缠绕|两条耳机线__在一起，我花了好一会儿才解开。|绕在一起，需要解开。
s2u1l3|搂|妈妈用手臂__着我的肩膀，让我靠在她身边。|手臂围住对方，让人靠近。
s2u1l4|臃肿|我套了好几件厚外套，身形显得__，连转身都不方便。|外形肥大笨重，不是心情不好。
s2u1l4|熬|为了等孩子平安到家，妈妈一直__到深夜，困了也不睡。|勉强支撑着，不去睡觉。
s2u1l4|蹒跚|受伤的叔叔扶着栏杆，脚步不稳地__走来。|走得慢，还摇晃、不稳。
s2u1l4|惺忪|弟弟刚被叫醒，睡眼__，揉了揉眼睛才认出我。|刚醒来，尚未完全清醒。
s2u1l4|光辉|灾难中，陌生人互相帮助，让我们看见人性的__。|这里赞美精神品质，不是实际灯光。
s2u2l1|优惠|凭学生证买门票能享受__，比原价便宜五元。|比通常价格更有利。
s2u2l1|敏捷|球突然飞来，他反应很快，动作__地侧身接住了。|动作快而灵活。
s2u2l1|穿梭|护士推着药车，来回__于不同病房之间。|在不同地方之间往来穿行。
s2u2l1|辨识|管理员根据耳朵上的小斑点，__出走失的那只狗。|根据特点分清、认出。
s2u2l1|馋|我已经吃饱，却还盯着桌上的蛋糕，实在是嘴__。|想吃美食，不一定是饿。
s2u2l2|枕|弟弟把头__在妈妈的腿上，很快睡着了。|把头靠放在某物上。
s2u2l2|凝望|奶奶站在窗前，久久__着远去的车，舍不得移开目光。|集中目光，看了很久。
s2u2l2|惩罚|小组定下规则：故意破坏公物的人要受到__，并负责修复。|因过错而受到处罚。
s2u2l2|畏罪潜逃|故事里的犯人担心受到法律制裁，连夜__，最后仍被抓获。|怕因犯罪受罚而偷偷逃走。
s2u2l2|谴责|他欺负弱小的行为受到大家的严厉__，大家要求他立即停止。|不是轻轻提醒，而是严厉责备。
s2u2l3|光彩夺目|灯光照在五彩玻璃上，反出耀眼的亮光，显得__。|颜色光泽鲜明，吸引目光。
s2u2l3|小心翼翼|妹妹捧着易碎的玻璃杯，__地放到桌上，生怕碰坏。|动作非常谨慎，怕出差错。
s2u2l3|盘旋|老鹰在山谷上空绕了一圈又一圈，久久__，没有远去。|围绕某处转圈飞行。
s2u2l3|面面相觑|投影机突然坏了，几名组员你看我、我看你，__，不知怎么办。|彼此对望，惊疑得没有办法。
s2u2l3|揪心|弟弟高烧不退，妈妈看着他难受的样子，十分__。|担忧得心里难受。
s2u2l4|茂盛|雨水充足，花园里的植物枝叶繁密，长得十分__。|不只叶片大，而是繁密旺盛。
s2u2l4|扒开|树叶挡住了路牌，我用手向左右__叶子，才看清文字。|将遮挡物向两边分开。
s2u2l4|娇嫩|刚出生的宝宝皮肤__，大人抱他时动作格外轻。|柔嫩、柔弱，经不起粗重动作。
s2u2l4|掀开|奶奶把盖在篮子上的布往上一提，轻轻__，露出里面的水果。|往上揭开覆盖物。
s2u2l4|俯下|他站在矮桌旁，__身子，靠近纸面看清小字。|向下弯身，不是向上抬头。
s2u3l1|艰巨|道路全被冲毁，又缺人手，要把物资送进村里，任务十分__。|困难很多，负担很重。
s2u3l1|消耗|手机一直播放影片，很快就__了大部分电量。|使用过程中，可用的电量减少。
s2u3l1|干旱|当地连续几个月降雨很少，农田缺水，出现了严重的__。|长时间缺雨、缺水。
s2u3l1|蓄水池|雨季时，人们把雨水存进__，留到缺水时使用。|用来积存水的池子。
s2u3l1|趋势|虽然有一两天反弹，但这个月的用电量整体呈下降__。|看整体变化方向，不要求每天都一样。
s2u3l2|风靡|这首歌从校园传到街头，几乎人人会唱，很快__全城。|广泛流行，许多人跟随。
s2u3l2|垄断|当地只有这一家公司供货，它几乎__了整个相关市场。|几乎独占市场，不只是有一些顾客。
s2u3l2|遏制|学校加强巡查，希望__破坏公物的行为，不让情况继续恶化。|阻止、控制不好的势头。
s2u3l2|倡导|学校带头宣传，__大家自带水瓶，减少使用一次性杯子。|提倡并鼓励大家采用一种做法。
s2u3l2|煞费苦心|为了让不识字的老人也看懂指示，设计者反复画图修改，真是__。|为了做好事情花了很多心思。
s2u3l3|日新月异|人工智能工具不断更新，新功能接连出现，发展真是__。|不断出现新变化，发展很快。
s2u3l3|泛滥|未经核实的消息到处传播，已经多到难以控制，出现了假消息__的现象。|大量出现，并带来问题。
s2u3l3|寿命|定期保养能让这台机器正常工作更久，延长它的使用__。|说的是产品可以正常使用多久。
s2u3l3|谨慎|转发陌生链接前，她先核对来源，处理得十分__。|小心认真，留意风险。
s2u3l3|渗透|水滴落在海绵表面，不久便通过小孔慢慢__到里面。|通过细小空隙由外进入内部。
s2u3l4|锐减|工厂停工后，订单在一个月内从一千份减到一百份，数量__。|短时间减少了很多。
s2u3l4|糟蹋|把吃不完却还新鲜的饭菜随手倒掉，真是在__食物。|浪费、损坏值得珍惜的东西。
s2u3l4|罪魁祸首|查明原因后，大家发现漏水的旧水管才是地板积水的__。|造成问题的主要原因。
s2u3l4|目睹|我就在现场，亲眼__了他救人的经过。|信息来自自己亲眼所见。
s2u3l4|违背|明明答应保守秘密，他却告诉了别人，__了自己的承诺。|没有遵守，与原来的要求相反。
s2u4l1|自卑|他总觉得自己处处不如别人，连拿手的作品也不敢展示，十分__。|把自己看低，觉得不如人。
s2u4l1|羡慕|听见同学弹出动听的曲子，我十分__，也想学会弹琴。|觉得别人拥有的好，希望自己也有。
s2u4l1|毅力|跑步训练很辛苦，她仍坚持了半年，靠的正是这份__。|面对困难还能持久坚持。
s2u4l1|闪烁其词|我问是谁打破杯子，他却一会儿说“不知道”，一会儿转移话题，回答时__。|含糊回避，不肯说清。
s2u4l1|霸道|他要求球场只能由自己一组使用，不让别人商量，态度十分__。|不讲理，只按自己的意思强迫别人。
s2u4l2|惊悚|这是一部__片，紧张可怕的情节让观众一直捏着一把汗。|电影类型，强调惊慌恐惧的感受。
s2u4l2|委婉|她没有直接说“你写得差”，而是__地建议：“这一段再写具体些，会更好。”|表达意见时温和、不生硬。
s2u4l2|诡异|空屋里忽然传来奇怪的笑声，听着十分__，让人不安。|古怪、不同寻常，令人不安。
s2u4l2|蜷缩|小猫把四肢收拢，弯着身子__在纸箱角落里。|身体弯曲、缩成一团。
s2u4l2|通宵|值班人员从晚上一直工作到第二天清晨，__没有合眼。|经历了整个夜晚。
s2u4l3|瞥|他只朝告示牌匆匆__了一眼，就转身走开了。|很快看一下，时间很短。
s2u4l3|掩饰|虽然心里十分紧张，她仍用微笑__自己的不安。|设法不让别人看出真实情况。
s2u4l3|拘束|第一次到新同学家，他有些__，坐着不自然，说话也放不开。|紧张、不自在，举止不自然。
s2u4l3|沮丧|认真准备却没入选，他低着头，心里十分__。|因为失望而灰心，不是因过错自责。
s2u4l3|睿智|面对争执，老师看清问题的关键，提出周全的办法，显得十分__。|有智慧，能看清问题。
s2u4l4|涩涩|看见别人都有家人到场支持，想到自己独自一人，我心里__的。|这里写难以说清的苦涩感受。
s2u4l4|拾掇|出发前，我把衣服和洗漱用品分类装好，很快__好了行李。|收拾、整理所需物品。
s2u4l4|颔首|听完我的解释，老师微笑着__，轻轻点了点头。|头轻轻向下点。
s2u4l4|涌动|收到朋友们的鼓励，一股暖暖的感动在我心中__。|感情强烈地出现，像水流动。
s2u4l4|珍藏|这封信记录了妈妈的关爱，我会好好__，多年后再读。|因为珍惜而长久保存。
s2u1l1|不分青红皂白|他没问清杯子是谁打破的，就__地责骂弟弟。|没有弄清是非就责怪别人。
s2u1l1|不妨|这个方法不行，我们__换个方法试试。|表示可以试一试的建议。
s2u1l1|匿名|她捐了钱却没留下姓名，是一位__捐款人。|没有公开自己的名字。
s2u1l1|监督|班长负责__值日工作，检查大家有没有打扫干净。|查看工作是否按要求完成。
s2u1l1|窒息|浓烟进入房间，他几乎无法呼吸，快要__了。|呼吸受阻，十分危险。
s2u1l1|上瘾|他玩游戏__，一拿起手机就停不下来。|过分迷恋，难以停止。
s2u1l1|疏远|搬家后，我们很少联系，关系渐渐__了。|彼此不再像从前那样亲近。
s2u1l2|崇拜|弟弟十分__那位运动员，把他当作自己的榜样。|非常钦佩一个人。
s2u1l2|抽屉|她拉开书桌的__，取出了放在里面的剪刀。|桌子里可以抽出来放东西的部分。
s2u1l2|精疲力竭|搬了一整天的家具，我已经__，连手臂都抬不起来。|精神和力气都快耗尽。
s2u1l2|衰老|多年过去，爷爷渐渐__，头发白了，动作也慢了。|随着年龄增长，身体不如从前。
s2u1l2|抑郁|离开熟悉的朋友后，他心情__，常常独自坐着闷闷不乐。|心情低落、苦闷。
s2u1l2|启齿|他想向朋友借钱，却觉得难以__，话到嘴边又停住了。|开口说出难说的话。
s2u1l2|害羞|大家一夸她，她就__地低下头，脸也红了。|受到关注时感到不好意思。
s2u1l2|懊恼|我粗心按错了按钮，把写好的文章删掉了，心里十分__。|因自己的失误而后悔烦恼。
s2u1l2|伺机|守门员紧盯着球，__把对方脚下的球抢过来。|等待合适的机会行动。
s2u1l2|疙瘩|上次的误会虽然说清了，他心里仍有个__，见到我还不太自在。|这里指心里尚未消除的隔阂。
s2u1l2|破天荒|一向迟到的他，今天__地第一个来到教室。|以前从未有过，今天第一次发生。
s2u1l2|仓促|出门太__，我连水瓶都忘了带。|匆忙，没有充分准备。
s2u1l3|钥匙|门打不开，我从口袋里拿出__，插进锁孔转了一下。|用来开锁的工具。
s2u1l3|锁|离家前，请把门__好，别让陌生人随便进来。|用锁把门关住。
s2u1l3|何况|这道题连老师都要想一想，__是刚学这一课的学生呢？|后一种情况更不用说了。
s2u1l3|惊讶|原以为箱子是空的，打开却看见一只小猫，我十分__。|遇到没料到的事，觉得奇怪。
s2u1l3|斑|这只白猫背上有一块黑__，很容易认出来。|与周围颜色不同的块状痕迹。
s2u1l4|庸俗|这部作品只想着讨好观众，内容缺少品位，显得有些__。|缺少高雅的趣味。
s2u1l4|枚|她从零钱包里取出一__硬币，投入机器。|用于硬币等小件物品的量词。
s2u1l4|戒指|妈妈手指上戴着一枚银色的__。|套在手指上的饰物。
s2u1l4|身躯|大象庞大的__挡住了身后的小象。|指身体。
s2u1l4|姿势|老师提醒我调整坐着的__，把背挺直。|身体摆出的样子。
s2u1l4|打瞌睡|昨晚没睡好，今天他坐在椅子上不停地__，头一点一点的。|困得短暂睡着又醒来。
s2u2l1|捐款|同学们自愿__，把钱交给救助受灾家庭的组织。|拿出钱帮助有需要的人。
s2u2l1|拯救|消防员冲进火场，__被困的人。|帮助人脱离危险。
s2u2l1|券|店员给了我一张折扣__，下次购物可以少付五元。|可用来享受折扣的票据。
s2u2l1|四肢|小狗的__都受了伤，暂时不能站立或走动。|动物的两条前腿和两条后腿。
s2u2l1|摔跤|两名选手正在__，各自用力想把对方摔倒在垫子上。|双方较力，设法让对方倒下。
s2u2l1|凶猛|那只野兽十分__，露着尖牙向猎物扑去。|凶狠而猛烈。
s2u2l2|光泽|擦过的银碗在灯下闪着明亮的__。|物体表面反射出的亮光。
s2u2l2|缩|小乌龟一受惊，就把头__进壳里。|从外面收回里面。
s2u2l2|啾啾|清晨，小鸟在窗外__地叫，声音又细又轻。|形容小鸟细细的叫声。
s2u2l2|仰|为了看清天上的飞机，妹妹__起了头。|脸朝上抬起。
s2u2l2|鸟笼|爷爷打开__的小门，让里面的小鸟飞出来。|关养鸟的笼子。
s2u2l2|隔|我和好友的座位中间__着一条走道。|中间有东西分开两边。
s2u2l2|喵|小猫在门外“__”地叫了一声。|模仿猫的叫声。
s2u2l2|衔|燕子用嘴__着一根草，飞回窝里。|用嘴叼住东西。
s2u2l2|搞|别乱动这些材料，免得把次序__乱了。|这里指弄。
s2u2l2|估计|看天色，我__半小时后可能下雨，但不能确定。|根据情况作大致判断。
s2u2l3|褐|他穿着一件像泥土颜色的深__色外套。|一种接近棕的颜色。
s2u2l3|愣|听到这个意外的消息，他__住了，好一会儿才回过神来。|因为吃惊而一时呆住。
s2u2l3|傻|我真__，竟然把自己的生日日期也填错了！|这里是自嘲不够机灵。
s2u2l3|啼|婴儿半夜醒来，__哭不止，妈妈赶紧抱起他。|在“啼哭”中表示哭。
s2u2l3|鸣|远处传来汽笛声，原来是一艘轮船正在__笛。|发出声音。
s2u2l4|啄|小鸡低下头，用尖嘴一下下地__地上的米粒。|鸟类用嘴取食的动作。
s2u2l4|蹦来蹦去|小兔在草地上__，一会儿跳到这边，一会儿跳到那边。|不断在不同地方跳动。
s2u2l4|涂上颜色|线条已经画好了，接下来请用彩笔给图画__。|把颜料抹到图画上。
s2u2l4|绒毛|刚孵出的小鸡身上长着细软的__。|短而柔软的毛。
s2u2l4|呼唤|妈妈站在门口__我的名字，叫我回家吃饭。|出声叫人。
s2u2l4|肩头|小鸟落在他的__上，紧挨着脖子。|肩膀的部位。
s2u3l1|因素|除了努力，充足的睡眠也是影响学习效果的重要__。|影响结果的条件。
s2u3l1|水喉|洗完手，请关紧__，别让水一直流。|这里指水龙头。
s2u3l1|昂贵|这架相机价格__，我要存很久的钱才买得起。|价钱很高。
s2u3l1|扩大|报名的人越来越多，学校决定__活动场地，让更多人参加。|使范围或规模变大。
s2u3l1|洗澡|踢球后全身是汗，我回家马上__，把身体洗干净。|用水清洗全身。
s2u3l1|浴室|她拿着毛巾走进__，准备冲凉。|家里专门洗澡的房间。
s2u3l2|媒体|报纸、电视等__都报道了这场比赛。|传播新闻、信息的渠道。
s2u3l2|塑料|这个袋子不是纸做的，而是用__做的，遇水也不会马上破。|一种常用来制造袋子和瓶子的材料。
s2u3l2|吨|这批货物重两千千克，也就是两__。|一千千克等于一吨。
s2u3l2|廉价|这家店出售__文具，几元钱就能买到一大包。|价钱便宜。
s2u3l2|提供|学校为参加活动的同学__午餐，大家不用自己带饭。|准备好，给别人使用或享用。
s2u3l2|危害|工厂排出的污水会__河里的鱼类，使它们生病甚至死亡。|造成损害。
s2u3l2|焚烧|请勿在树林里__垃圾，以免火势蔓延。|用火烧掉。
s2u3l2|烟尘|大火后，空气中飘着大量__，到处灰蒙蒙的。|燃烧产生的烟和灰尘。
s2u3l2|毒|这种野果有__，吃了可能会中毒，千万别碰。|能使生物受害的性质或物质。
s2u3l2|土壤|种花前，先把花盆里的__翻松，再埋入种子。|植物生长所需的泥土。
s2u3l2|税|按规定，这笔收入需要向政府缴纳一定的__。|依法交给政府的款项。
s2u3l2|逐渐|经过几个月的练习，他的字__写得整齐了。|变化一点一点发生。
s2u3l2|机构|这是一家帮助失业者找工作的服务__。|承担某种工作的组织。
s2u3l2|充斥|他的收件箱里__着垃圾邮件，几乎找不到正常来信。|大量不需要的东西塞满其中。
s2u3l2|妥善|请把重要文件__保管，放在安全又容易找到的地方。|处理得周到、合适。
s2u3l3|统计|班长逐一记录大家的选择，__参加各项活动的人数。|收集数字并加以整理。
s2u3l3|大型|这座__体育场能容纳五万名观众。|规模很大。
s2u3l3|途径|阅读是获取知识的一种__，我们也可以向别人请教。|达到目的的方法或渠道。
s2u3l3|缺乏|这块地长期__水分，植物都快枯死了。|需要的东西不够。
s2u3l3|亿|一万万等于一__，写成数字是100000000。|比“万”大一万倍的数。
s2u3l3|遗憾|我很想看这场演出，却因生病错过了，感到十分__。|愿望没实现而觉得可惜。
s2u3l4|宣布|校长在台上正式__：“运动会下周五举行。”|公开告诉大家一件事。
s2u3l4|狩猎|保护区禁止__，任何人都不能捕杀这里的野生动物。|捕猎野生动物。
s2u3l4|聘请|学校__了一位舞蹈老师，请她来指导表演。|邀请并雇用某人做工作。
s2u3l4|啃|小兔抱着胡萝卜，用门牙一点一点地__。|用牙齿逐点咬下。
s2u3l4|疾病|医生为病人检查身体，找出他患了什么__。|使身体不健康的病。
s2u3l4|毁灭|大火使整片森林遭到__，树木几乎全烧光了。|破坏得不复存在。
s2u3l4|研究|科学家反复做实验，__这种植物为什么能在沙漠生长。|深入探求问题的原因或规律。
s2u3l4|拼搏|为了争取最后一个进球，队员们坚持__到终场哨响。|奋力争取目标。
s2u4l1|诱惑|面对蛋糕的__，他还是决定少吃甜食，没有伸手去拿。|使人很想得到某物的吸引力。
s2u4l1|茫然|第一次来到这座大楼，又找不到路牌，我站在门口一脸__。|不知该怎么办的样子。
s2u4l1|魂不守舍|他担心走失的小狗，整天__，朋友叫他几声也没反应。|心神不安，无法集中精神。
s2u4l1|睡眠|青少年需要充足的__，不宜每天熬夜。|睡觉的状态或过程。
s2u4l1|嫌|妹妹__汤太咸，喝了一口就不喝了。|觉得某事物不好，不满意。
s2u4l1|逼|他不愿交出座位，对方便用威胁的话__他让开。|用强硬手段迫使别人行动。
s2u4l1|怄气|兄妹为一件小事__，谁也不肯先跟对方说话。|因不满而闹别扭。
s2u4l1|烹饪|爸爸报名学习__，想学会炒菜和煮汤。|做饭菜的技术或活动。
s2u4l1|符合|他的身高__参加活动的要求，可以报名。|与规定的条件相合。
s2u4l2|吼|机器声太大，他只好朝远处的同伴大声__：“小心！”|用很大的声音喊叫。
s2u4l2|反驳|有人说阅读没用，他马上举出例子，__这种说法。|提出理由反对别人的意见。
s2u4l2|缝|门没有关严，留着一道细__，光从那里透了进来。|两边之间狭窄的空隙。
s2u4l2|吭声|老师问谁愿意试试，全班都没__，一个人也没说话。|发出声音或说话。
s2u4l2|掩|为了不让别人听见，她用手__着嘴，小声说话。|遮住一个部位。
s2u4l2|走廊|下课后，同学们走出教室，站在门外的__上聊天。|连接各房间的通道。
s2u4l2|熄灯|宿舍十点__，房间暗下来后，大家便准备睡觉。|把灯关掉。
s2u4l2|瑟瑟|冷风吹来，没穿外套的他冻得__发抖。|形容不停发抖的样子。
s2u4l2|恐怖|梦中怪物一直追赶他，那情景十分__，把他吓醒了。|令人非常害怕。
s2u4l2|憋|我有好多话想说，却怕打断老师，只好先__在心里。|想说出来，却暂时忍住。
s2u4l3|脖子|天气冷了，妈妈用围巾围住我的__。|连接头和身体的部位。
s2u4l3|炙|烈日__烤着大地，地面热得发烫。|表示烤，与“烤”组成词。
s2u4l3|社交媒体|她把活动照片发到__上，朋友们纷纷留言点赞。|让用户分享信息、互相交流的网络平台。
s2u4l3|嘈杂|食堂里说话声、碰碗声混在一起，环境十分__。|各种声音杂乱，听起来很吵。
s2u4l3|局促|第一次上台，他__不安，两只手都不知道该放在哪里。|紧张得举止不自然，常与“不安”连用。
s2u4l4|搓澡|背上沾了泥，爸爸用湿毛巾帮孩子__，把污垢擦掉。|洗澡时揉擦身体。
s2u4l4|筹划|离校庆还有两个月，同学们已经开始__表演，商量节目和分工。|预先计划和安排。
s2u4l4|棉|这条毛巾是纯__的，柔软又吸水。|一种植物纤维材料。
s2u4l4|掏|轮到他付钱时，他伸手从口袋里__出钱包。|把手伸进去取出东西。
s2u4l4|崭新|她换上刚买的__校服，连标签都还没剪掉。|非常新，尚未用过。
s2u4l4|喃喃|他低着头，嘴里__地说着什么，旁人几乎听不清。|声音低而含糊地说话。
s2u4l4|县|这座小城是本__的行政中心，管理周围许多村镇。|一种行政区域。
s2u4l4|捅|他用细竹棍往洞里轻轻一__，藏在里面的小虫就跑了出来。|用棍状物往里面戳。
