# 词语|理解线索（现代词义／记忆线索，不一概当作字源）|简短情境（教学改编）
疲惫|疲说劳累，惫突出极度疲困。看“疒”联想身体没力气，看“心”联想精神提不起来。疲惫：非常疲乏。|爸爸连续几晚加班，回家后瘫坐在沙发上，连说话的力气也没有。
犹豫|一边想做，一边又担心；两个念头拉住自己。|国明想安慰爸爸，又怕打扰他。走到房门口，他又退了回来。
不分青红皂白|皂：黑色。青红皂白本说不同颜色，这里指事情的是非、缘由。|美华留下做小组作业，回家晚了。妈妈还没听解释，就骂了她一顿。
内疚|内：心里。疚：因过错而不安。“我是不是做错了？”|妈妈没问清楚就责骂美华。后来想到可能错怪了孩子，她心里很不安。
不妨|妨：妨碍。“不妨”可理解为“这样做也可以，试试看”。|美华不知道怎样跟妈妈和好。辅导员说：“你不妨找机会和妈妈聊聊。”
匿名|匿：隐藏。名：姓名。隐藏的是身份，不是消息内容。|一名学生写信求助，信的内容大家看得见，但署名处只写着“匿名”。
监督|监：查看。督：督促。看有没有按要求做，必要时提醒。|爸爸让孩子自己玩游戏，但会查看时间，超过约定就提醒他停下。
窒息|息：呼吸。“喘不过气”的感觉，也能用来形容心里受压迫。|孩子说：“爸爸什么都管，我在家一点自由也没有，快要窒息了！”
代沟|代：不同的一代。沟：像一道隔开的沟，比喻彼此难以理解。|爸爸觉得游戏浪费时间，孩子觉得游戏能放松。两人都不理解对方的想法。
上瘾|喜欢不一定上瘾；关键是“想停，也难停”。|孩子本想只玩半小时，却玩到深夜，作业没做，也没和家人吃饭。
疏远|疏：不密切。远：关系有距离。同住一屋也可能疏远。|以前孩子常和爸妈聊天，后来只顾玩游戏，一家人越来越少交谈。
迎刃而解|刃：刀锋。像劈竹子，前面劈开后，后面顺着刀势裂开；比喻抓住关键，问题顺利解决。|孩子明白爸爸怕他玩游戏上瘾，便主动约定时间，两人终于谈妥了。
崇拜|崇有尊重、推重的意思；不只是“觉得不错”，而是很钦佩。|女儿反复读妈妈写的文章，不住地说：“妈妈，您真的好棒！”
爱不释手|释：放下。因为喜爱，所以舍不得放下。|女儿读完妈妈的文章，又拿起来读一遍，迟迟不肯放下。
碰钉子|碰到钉子会受阻；这里比喻请求被拒绝、事情受挫。|妈妈兴奋地想念文章给儿子听，他却说：“我不想听！”转身跑开。
泼冷水|冷水让热的东西冷下来；冷言冷语也会打击人的热情。|妈妈正高兴地说女儿夸她，儿子却说：“别信她，她只是拍马屁！”
抽屉|抽：往外拉。用拉出的动作联想这种家具部件。|妈妈拉开桌子下面的一个小格，取出卡片，再把小格推回去。
精疲力竭|精：精神。力：力气。竭：尽。精神和力气都快用尽。|妈妈工作了一整天，回家后连站起来做饭的力气也快没有了。
衰老|衰：变弱。老：年岁大了。既有年纪的变化，也有身体的变化。|几年不见，母亲头发白了，走路慢了，身体也不如从前有力。
抑郁|在这篇课文里，指心情苦闷、低落。|父亲过世后，母亲常常沉默着坐在一旁，很少露出笑容。
启齿|启：打开。齿：牙齿。“开口”在这里指说出话来。|她想对妈妈说“我爱您”，话到了嘴边，却觉得难为情，说不出口。
扪心自问|扪：按、摸。像按着心口问自己，认真反省自己的做法。|她想到女儿常表达爱，便问自己：“我为什么从不对妈妈说谢谢？”
害羞|想表达，却觉得难为情；不一定做错了事。|她准备向母亲表达爱，站到母亲面前，却红着脸低下了头。
懊恼|懊：悔恨、烦恼。恼：烦闷。“怎么又没做到！”|她早已决定今天开口，最后又退缩了，心里一直怪自己。
伺机|伺：等候、察看。机：机会。等一个适合行动的时刻。|饭桌上，她一边听母亲说话，一边等合适的机会说出感谢。
疙瘩|从小块、结，联想到“心里解不开的结”。|她想表达爱，却总觉得说不出口，像有一个结堵在心里。
心不在焉|焉：这里。人虽在这里，心思却跑到别处。|她坐在饭桌旁，心里一直想着怎样开口，连饭菜的味道都没留意。
破天荒|抓住“从前没有过，这次第一次”。不必按天空破了来理解。|她从来没有对母亲说过“我爱您”，今天终于第一次说出口。
仓促|来得急，没时间从容安排。|她刚说完感谢的话，就匆匆抓起包跑出门，连告别都没说完整。
战战兢兢|害怕得发抖的样子，也形容特别小心。|孩子晚归，手机上有五个未接来电。他站在家门口，紧张地慢慢插入钥匙。
钥匙|开锁用的物件。|门关着，孩子取出一件小物件，插进锁孔，轻轻一转，门开了。
锁|名词是器具；“锁上门”的锁才是动作。|孩子转动钥匙，只听“咔嚓”一声，门上的锁开了。
安抚|安：让人安定。抚：抚慰。让激动的心情平静下来。|妈妈气得提高了声音，爸爸轻拍她的肩膀，柔声劝她先坐下。
何况|再加一个理由：“更不用说……”“再说……”。|孩子想：“我已是中学生，更何况，我没接电话是因为手机静音了。”
和事佬|和：和解。佬：对人的一种称呼。帮双方劝和的人。|妈妈生气，孩子不服，爸爸在中间劝两人先冷静，好好谈。
惊讶|事情和自己原先想的不一样：“没想到！”|妈妈平时最怕晒太阳，这次却主动说要一起去放风筝，孩子睁大了眼睛。
斑|表面颜色不同的小点或小块。|妈妈指着脸上几块颜色较深的地方，说自己怕晒太阳后长斑。
缠绕|绕了又绕，交缠在一起。|风筝线绕住树枝好几圈，孩子拉了半天，还是没能把线解开。
搂|手臂围住，让对方靠近。|爸爸把一条手臂围在孩子的肩膀外，让孩子靠到自己身边。
臃肿|形容外形肥大、显得笨重，不能据此判断一个人的品格。|车上的母亲身形肥大，挪动身体时显得笨重。作者起初用“臃肿”形容她。
庸俗|俗气、缺少高雅趣味；这是人的评价，不等于客观事实。|作者初看母亲的穿戴，觉得她“庸俗”；后来却被她对女儿的爱打动。
枚|量词：一枚戒指、一枚硬币。|母亲的手指上戴着“两枚大戒指”。
戒指|“指”提示佩戴的位置。|母亲把一件圆环形的小饰物套在手指上。
身躯|身、躯都和身体有关。|到站后，母亲扶着座椅，慢慢挪动自己的身躯，准备下车。
姿势|身体怎样站、坐、靠、摆放。|女儿靠着右肩睡着，母亲想坐舒服些，又不敢移动右肩。
熬|同一个字，放进句子才知道是“忍着撑住”还是“慢慢煮”。|母亲想保持清醒，却“熬不过睡神的挑战”，头渐渐低了下去。
打瞌睡|不是“打”人；整个词指困得打盹。|母亲坐在车上，眼睛时闭时睁，头随着车子一点一点。
蹒跚|看两个足字旁，联想脚步；关键是慢而不稳，不只是慢。|母亲扶着座椅站起来，一步一步挪向车门，身子有些摇晃。
惺忪|常与“睡眼”连用：醒了，却还没完全清醒。|女儿刚醒来，半睁着眼，揉了揉眼睛，才看清周围的人。
光辉|从明亮的光彩，联想到美好的精神和品质。|母亲肩膀已经酸痛，仍不动一下，让女儿安睡。作者看到了“母爱的光辉”。
捐款|捐：拿出财物帮助别人。款：钱。|学生拿出零用钱支持野生动物助养计划，不要求以后还钱。
拯救|拯、救都有救助的意思；重点是帮它脱离危险。|一只动物掉进深坑，救援人员用绳网把它救了上来。
优惠|优：较好。惠：好处。比通常更有利的待遇。|一张门票平时卖二十元，参加助养计划的人只需付十六元。
券|读 quàn，不读 juàn；是按规定使用的凭证。|购物时，妈妈出示一张折扣券，店员核对后少收了五元。
四肢|肢：胳膊、腿一类的肢体。|小熊用两条前肢抱住树干，两条后肢蹬着树向上爬。
敏捷|敏：反应快。捷：动作快。还要灵活，不只是速度快。|树枝一晃，小猴马上转身，轻巧地跳到另一根树枝上。
穿梭|梭在织布时来回穿行；借这个形象记“来回穿过”。|小猴一会儿从这棵树跳到那棵树，一会儿又从树枝之间返回。
辨识|辨：分清不同。识：认出来。|两只小熊长得很像，饲养员看胸前的斑纹，认出了它们。
馋|“想吃好吃的”不等于“肚子饿”。|小熊刚吃饱，看见蜂蜜又伸出舌头，盯着罐子不肯走。
摔跤|在“玩摔跤”里，是双方较力的活动。|两只小熊抱住对方，你推我拉，都想让对方倒在地上。
凶猛|凶：凶狠。猛：强劲、有力。|那只野兽露出尖牙，猛地扑向猎物，吓得旁边的小动物纷纷逃开。
光泽|看表面是否有亮光，不是看颜色深浅。|阳光下，黑猫的毛油亮亮的；另一只白猫的毛却显得干枯。
缩|从展开到收拢，占的空间变小。|小猫把四肢收进身下，身体变成小小的一团。
枕|“枕头”是东西；“枕在……”表示把头靠放上去。|小猫蹲在我身边，把头枕在我的脚上，安静地睡着。
啾啾|口字旁帮助联想声音；这是模拟鸟叫的词。|清早，鸟笼里的黄鸟张开嘴，发出“啾啾”的声音。
仰|脸向上是仰；脸向下是俯。|鸟笼挂在高处，猫仰着头，一直看着笼里的鸟。
凝望|凝：集中。望：看。目光集中，看的时间较长。|猫跳到桌上，把目光停在鸟笼上，久久没有移开。
鸟笼|笼：人用来关养动物的器具。|黄鸟站在横杆上，四周是细细的栏杆，上面还装着小门。
隔|看后面的词：“一会儿”提示时间，“一堵墙”提示空间。|猫被赶下桌，隔了一会儿，又跳上桌来看鸟。
惩罚|因认定有过错而处罚；认定也可能弄错。|家人认定猫吃了鸟，想给它惩罚；后来才发现，吃鸟的是另一只猫。
畏罪潜逃|畏：害怕。潜：偷偷地。怕因犯罪受罚，便偷偷逃走。|鸟死了，家人一时找不到猫，便猜它“畏罪潜逃”；后来却在楼上找到它。
喵|口字旁提示声音；“喵”模拟猫叫。|猫张开嘴，叫了一声：“喵！”
衔|用嘴含着、叼着。|黑猫嘴里衔着一只黄鸟，从窗边跳走了。
搞|口语里常表示做、弄。要连着后面的词一起理解。|看见黑猫嘴里的黄鸟，我才明白：“原来是我搞错了，冤枉了自家的猫。”
谴责|比一般提醒重，是严厉责备。|知道冤枉了猫后，我一直在心里责备自己，觉得良心受到了谴责。
估计|根据已有情况作判断，还不等于已经证实。|这份愧疚很久都没消失，我想：“估计这辈子都忘不了。”
光彩夺目|目：眼睛。“夺目”是鲜明得吸引目光，不是夺走眼睛。|鸟蛋蓝得鲜亮，上面还有绿色斑点，一下就吸引了大家的目光。
小心翼翼|翼翼在这个词里形容谨慎，不是展开翅膀。|孩子捧起易碎的鸟蛋，手放得很轻，走路也放慢了。
褐|褐 hè：棕色一类的颜色。|鸟儿的背部是灰褐色，接近树枝和泥土的颜色。
盘旋|盘：绕圈。旋：转动。看飞行路线。|小鸟没有飞走，而是在孩子们头顶绕了一圈又一圈。
愣|一时发呆，没反应过来。|同伴急着说“快把鸟蛋放回去”，他却站着不动，好像还没反应过来。
傻|“傻了眼”说当时惊呆的状态，不是在评价智力。|鸟蛋突然掉地摔碎，大家傻了眼，一时不知道怎么办。
啼|同是“啼”：婴儿啼哭，鸟儿啼叫。看是谁发声。|孩子们放回鸟蛋后，小鸟终于停止了啼鸣。
鸣|“口＋鸟”的字形，帮助联想鸟发声。|树林里传来清脆的鸟鸣，大家停下来听。
面面相觑|觑：看。你看我，我看你，惊疑得不知怎么办。|鸟蛋摔碎了，几个孩子你看看我，我看看你，谁也想不出办法。
揪心|揪：抓紧。心像被揪紧，形容担忧、难受。|听着失去鸟蛋的小鸟一声声尖叫，孩子心里难受，十分揪心。
茂盛|茂、盛都有旺盛的意思，常用来形容植物。|吊兰一丛挨着一丛，长长的叶子垂下来，把鸟笼遮住了。
扒开|扒 bā：拨开、分开。留意向两边的动作。|叶子遮住了里面；若用手把叶子向左右分开，就能看见鸟笼。
娇嫩|娇：柔弱。嫩：柔嫩、不强壮。也能形容声音。|叶丛里传出雏鸟的鸣叫，声音尖细又娇嫩。
掀开|掀：往上揭起。和往两边拨开的动作比较。|一片大叶子盖在笼子上。作者说自己决不掀开它去惊动小鸟。
啄|鸟的嘴一下一下点碰、取食。|珍珠鸟靠近笔尖，用尖嘴轻轻啄了两下。
俯下|俯：向下低头、弯身。与“仰”相反。|小鸟站在杯沿，为了喝到茶水，俯下了头。
蹦来蹦去|蹦：跳。来……去：反复朝不同方向活动。|小鸟一下跳到纸上，一下跳到笔边，小红爪子不停地动。
涂上颜色|涂：把颜料等抹在表面。|美术课上，学生用画笔给纸上的小鸟涂上颜色。
绒毛|绒：细而柔软的毛。|雏鸟圆圆的身子上，长着一层细细软软的绒毛。
呼唤|呼、唤都和叫有关，合起来有招呼对方的意思。|大鸟在笼里叫了几声，小鸟听见呼唤，就飞回笼里。
肩头|“头”在这里不指头顶；肩头就是肩膀上部。|小鸟停在我的肩头，贴着脖子旁边，慢慢睡着了。
因素|因：原因。因素是影响结果的原因或条件。|没有足够的水，工厂和城市都难以运作，所以水是发展的重要因素。
水喉|日常说水龙头；“四大水喉”借它来比喻供水来源。|新加坡的“四大水喉”包括集水区的水、进口水、新生水和淡化海水。
艰巨|艰：困难。巨：大。任务不但难，负担还很重。|要增加供水，费用很高，能源需求大，可用土地却少，挑战十分艰巨。
昂贵|昂有高的意思；贵说价格。这里的“高”是价钱高。|这种制水设备的费用很高，买一套就要花一大笔钱，成本十分昂贵。
消耗|用着用着，原有的资源就少了。|制水机器不断运转，消耗了大量能源。
干旱|旱：久不下雨、缺水。不是一天晴天就算干旱。|几个月没有下雨，土地裂开了，水池里的水也越来越少。
扩大|扩：向外张开。大：范围、规模变大。|原来只有一片地区收集雨水，后来把附近几片地区也纳入集水区。
蓄水池|蓄：积存。先把水存起来，以后再用。|下雨时，雨水流进蓄水池；需要用水时，再从池中取水处理。
洗澡|澡：清洗身体。看清洗的对象。|运动后，小明全身是汗，便用水把身体洗干净。
浴室|浴：洗澡。室：房间。一个是活动，一个是场所。|妈妈指着装有花洒的房间说：“去浴室洗澡吧。”
趋势|趋：朝某个方向发展。看一段时间的整体方向。|某家三个月的用水量依次为十八、十七、十五立方米，呈下降趋势。
媒体|媒有传递、沟通的作用；媒体把消息传给公众。|同一则环保消息，报纸刊登了，电视和新闻网站也报道了。
塑料|一种材料，可以制成不同形状的物品。|桌上的购物袋和饮料瓶形状不同，却都由塑料制成。
吨|质量单位：1 吨＝1000 千克。|一辆货车运走了一千千克废塑料，记录员写下“共一吨”。
廉价|廉：价格低。价：价钱。价格低不等于质量一定差。|这种袋子只卖几分钱，还很耐用，商家说它廉价又实用。
风靡|借“草木随风倒”的形象，记许多人纷纷跟随、广泛流行。|起初只有少数人用塑料袋，后来世界各地的商店都开始使用。
垄断|抓住“独占或几乎占尽”，不只是有人使用。|超市提供的购物袋几乎全是塑料袋，纸袋和布袋很少见。
提供|拿出东西、条件等，供别人使用。|超市在出口放了购物袋，让顾客按需要取用。
危害|危：危险。害：损害。一定有不好的影响。|海龟误吞塑料袋，无法正常进食，健康受到危害。
焚烧|焚：烧。看“火”，联系用火处理的方式。|处理厂把垃圾送进炉中，用高温把它烧掉。
烟尘|烟＋尘：烟和细小尘粒。|垃圾燃烧后，灰黑色的烟和细小颗粒升到空中，污染空气。
毒|这里指能损害健康、危及生命的性质。|这种物质即使没有明显气味，进入身体后仍可能伤害健康。
土壤|地表能供植物生长的泥土。|塑料袋被埋进地下，污染了植物根部周围的土壤。
遏制|遏：阻止。制：控制。让不好的势头停住或减弱。|商店开始对塑料袋收费，希望遏制使用量不断增加的情况。
税|国家按法律规定征收的钱。普通收费不一定就是税。|按该国法律，使用某类塑料袋须缴一笔钱，由国家征收。
倡导|倡：提倡。导：引导。带头提出，并鼓励大家做。|环保组织带头宣传自备购物袋，鼓励居民一起参加。
逐渐|一步一步、慢慢变化，与“突然”比较。|活动开展后，自带袋子的人从少变多，不是一天就增加了很多。
机构|有人员、分工和职责，持续开展工作的单位。|这个环保机构有人负责宣传，有人负责教育，一起推动减塑工作。
充斥|大量充满，常带不满的语气。|海滩上到处是废塑料袋，连岩石缝里也塞满了，令人担忧。
妥善|妥：适当、稳妥。善：好。处理得恰当、周全。|工作人员先分类，再安排合适的回收方式，没有随便堆放垃圾。
煞费苦心|煞：很。费：花费。苦心：认真用心，不是味道苦。|工作人员想了多个方案，又反复修改，只为了让减塑活动办得更好。
统计|收集数量，再分类、整理、计算。|学生把各班交来的旧手机逐一记录，再算出全校的总数。
大型|型说类型、规格；大型指体积或规模较大。|冰箱、洗衣机占的空间较大，回收站把它们归为大型电器。
日新月异|新：更新。异：不同。随着时间不断出现新变化。|手机不断推出新功能，刚熟悉这一款，又有更新的产品上市。
泛滥|水漫出界线；也比喻事物过多，造成问题。|旧电子产品越堆越多，处理速度跟不上，电子垃圾开始泛滥。
寿命|人的寿命是活多久；产品的使用寿命是能正常用多久。|两部手机功能相近，一部两年就坏了，另一部正常用了六年。
途径|从“走哪条路”联想“用什么办法、通过什么渠道”。|旧手机坏了，附近又少有维修店，能找到的维修途径十分有限。
缺乏|缺：少。乏：不足。可能不够，也可能没有。|有人只知道旧手机占地方，却不了解随便丢弃会带来的危害。
亿|1 亿＝10000 万＝100000000。|统计表写着“一亿部”，小明想把这个数量改写成“万部”。
遗憾|本来希望更好，却没有实现，觉得可惜。|旧手机里的有用材料本可回收，却大多被直接填埋，实在令人遗憾。
谨慎|谨、慎都有小心的意思；行动前注意风险，避免出错。|知道旧电池可能有危险，工作人员先查处理要求，再小心分类。
渗透|渗：液体穿过细小空隙。透：进入、穿过。|有害物质随着雨水穿过土壤的小空隙，慢慢进入地下。
宣布|宣：公开表达。布：公布。正式让大家知道。|总统把设立保护区的决定正式告诉公众。
狩猎|狩、猎都与捕猎有关。|猎人进入森林，追踪野兽，准备将它们捕获。
聘请|聘：请人任职。请的是来承担工作的人。|有关部门请猎人来承担捕狼的工作，并约定了报酬。
啃|口字旁提示嘴部动作：用牙一点一点咬。|鹿低下头，用牙齿一点点啃着树皮和嫩枝。
疾病|疾、病都可指生病；与单纯饥饿不同。|鹿群有的因为没有食物而挨饿，有的感染疾病，身体越来越弱。
锐减|锐在这里突出急剧。减：减少。看速度，也看幅度。|鹿的数量从十万只，在短短两年内减到四万只。
糟蹋|损坏、浪费了值得珍惜的东西，带有惋惜或责备。|过多的鹿不断啃食，原本茂盛的森林被糟蹋得面目全非。
毁灭|毁：破坏。灭：消失。程度比一点损伤严重得多。|森林生态遭到彻底破坏，原来的生存系统难以维持，面临毁灭。
罪魁祸首|魁、首都有为首的意思；合起来指造成祸害的主要根源。|鹿群过多，不停啃食植物，成了破坏森林的“罪魁祸首”。
研究|研、究都有深入探究的意思，不是只看一眼。|科学家长期观察动物和森林，记录变化，再分析其中的关系。
目睹|目：眼睛。睹：看见。是自己亲眼看见。|研究者亲自在森林现场看到了鹿群对植物的破坏。
违背|违：不遵从。“背”可联想方向相反。|人们好心消灭狼来保护鹿，却破坏生态平衡，违背了自然规律。
拼搏|拼：尽全力。搏：奋力争取。不是单指争吵。|运动员面对强劲对手，落后时也不放弃，仍尽全力争取胜利。
自卑|自：自己。卑：低。把自己看低，觉得不如别人。|她总盯着自己的缺点，觉得同学都比自己好，越来越不敢表现。
羡慕|觉得别人的优点或处境好，希望自己也能拥有。|看见同学健康有活力，她心想：“要是我也能这样就好了。”
诱惑|诱：吸引。眼前的吸引，可能拉着人偏离原来的打算。|她本来决定少吃零食，可一看到香脆的薯片，就忍不住伸手。
毅力|毅：坚定。力：坚持下去的力量。看能不能持久。|练习很辛苦，他也有想放弃的时候，却仍连续几个月坚持训练。
茫然|像眼前一片模糊，看不清方向；用来写不明白、没头绪。|老师讲完要求，她还是一脸茫然，不知道该从哪里开始。
魂不守舍|舍：居住的地方。借“心神不在原处”形容精神恍惚，不是灵异现象。|她坐在教室里，却一直心神不定。老师叫了两次，她才反应过来。
睡眠|睡、眠都与睡觉有关。|最近她每天睡得很少，上课常打瞌睡，看起来睡眠不足。
闪烁其词|闪烁本写忽明忽暗；说话躲躲闪闪，也叫闪烁其词。|朋友问她怎么了，她一会儿说“没什么”，一会儿又换话题，不肯说清。
嫌|觉得某处不好，心里不满意。|哥哥说：“你用电脑太久了！”他嫌妹妹占用电脑的时间太长。
逼|让人难以退让，没有选择余地。|妹妹还想继续使用电脑，哥哥却逼她马上关机，完全不让商量。
霸道|只按自己的意思来，不讲理地要求别人服从。|哥哥抢过电脑，说“只能我用”，也不肯和妹妹商量轮流使用。
怄气|怄 òu：心里不满而赌气，不是“呕吐”的呕。|兄妹吵架后，她故意不理哥哥，心里还在怄气。
烹饪|烹、饪都与把食物做熟有关，合起来指做饭做菜。|她把食材洗好、切好，再下锅调味，做出一桌饭菜。
符合|符、合在这里都有相合的意思；两边能对得上。|爸爸希望她当会计，她却想当厨师，梦想不符合爸爸的期望。
憋|想出来，却忍住或被堵住；要看憋住的是气、话还是情绪。|她很想说“我讨厌你”，却一直没开口，把这句话憋在心里。
委婉|意思照样表达，但说法较温和、含蓄。|室友还开着灯，她轻声说：“我有点困了，可以把灯调暗些吗？”
吼|口字旁提示发声；声音很大，语气强烈。|她终于忍不住，朝室友大声吼道：“快把灯关掉！”
反驳|反：反对。驳：指出不对。针对别人的说法提出反对意见或理由。|对方说灯没影响，她不同意，指出亮光一直照在自己脸上。
缝|fèng：空隙。féng：用针线连接。读音和意思一起看。|宿舍门只开了一条缝，从窄窄的门缝中能看见一个人影。
吭声|吭 kēng：出声。没有吭声，只能说明没出声。|蒋妍问：“谁？”门外的女生没有吭声，也没有回答。
掩|这里是“合上、关闭”；放在“掩住嘴”里才是遮住。|她探头看了看走廊，便轻轻掩上门，回到床边。
走廊|廊是屋子外连接、通行的地方。|她走出宿舍，沿着房门外的长通道，来到另一间房门口。
熄灯|熄：火或灯光灭。看火字旁，联想亮与灭。|开关一按，灯不亮了，宿舍里暗了下来。
诡异|诡：奇异、不同寻常。让人感到古怪、不安。|陌生女生站在暗处，不答话，却忽然露出古怪的笑，让人心里发毛。
蜷缩|蜷：弯曲。缩：收拢。身体弯着、缩成一团。|她把膝盖拉近胸前，弯着背，整个人蜷缩在被子里。
瑟瑟|在“瑟瑟发抖”里形容颤抖的样子。|她以为门外有鬼，吓得裹紧被子，身体仍在瑟瑟发抖。
恐怖|恐、怖都有害怕的意思，也可形容令人害怕。|黑暗中出现陌生人影，两位室友越想越害怕，觉得这件事十分恐怖。
通宵|通：整个。宵：夜晚。从夜里一直到天亮。|两人解开误会后，聊了一整夜，直到窗外天亮才停下来。
惊悚|惊：惊恐。悚：害怕。突然被吓到，心里不安。|当时她们被陌生人影吓坏了，后来才知道是误会，还因此交上朋友。
脖子|连接头部和身体的部位。|她转动头部时，头下面、肩膀上面的脖子也跟着转动。
瞥|目字旁提示看；只很快地看一下。|同学经过时朝她瞥了一眼，随即又看向别处。
炙|上部字形像肉，下有火，可联想放在火上烤；这里借灼热感写难受。|同学的目光让她很不自在，感觉“犹如被烈日炙烤”。
社交媒体|社交：人与人交往。媒体：传播信息的渠道。|她把照片发到网络平台，朋友们在下面留言、分享自己的想法。
掩饰|掩：遮住。饰在这里可联想修饰外表；重点是不让人看出真实情况。|她想靠打扮掩饰自己的身体缺陷，让别人看不出来。
拘束|像被限制住一样，动作、说话都放不开；不是真的被绑住。|刚站到全班面前，她紧张得手不知放哪里，说话也不自然。
嘈杂|嘈：喧闹。杂：混在一起。许多声音乱哄哄。|教室里这边在聊天，那边在搬椅子，各种声音混在一起。
局促|在“局促不安”里指紧张、不自在，不是说地方小。|同学都看着她，她脸红了，手脚不知怎样摆，越来越局促不安。
沮丧|灰心、失望；与做错事后的“内疚”比较。|她觉得自己没有任何好看的姿势，心里失落，连头也低了下来。
睿智|睿：明智、看得深。智：智慧。|照片里的她托着下巴思考，同学说：“这个样子看起来很睿智。”
搓澡|搓：来回摩擦。澡：清洗身体。不只是把水淋上去。|父亲用毛巾在背上来回擦洗，把皮肤上的污垢洗掉。
涩涩|借嘴里苦涩、不舒服的感觉，写心里的难受。|看见别人父子亲密交谈，想到自己和父亲很少说话，他心里涩涩的。
筹划|筹：想办法、作安排。划：计划。在行动前准备。|开学前，全家商量住校要带什么、怎样安排费用，为上高中作筹划。
拾掇|在本课是收拾、整理；连起来理解，不只是捡一下。|妈妈把住校要用的衣服和日用品分类装好，替孩子拾掇行李。
颔首|颔：下巴。首：头。下巴轻轻往下一动，联想点头。|听孩子讲学校的事，父母微笑着，轻轻颔首。
棉|棉花及其纤维；“棉帽”说材料，不规定颜色。|妈妈把棉做的帽子染成蓝色，戴起来仍很暖和。
掏|扌提示手的动作；手伸进里面，把东西取出来。|父亲把手伸进背包，从里面掏出一本复习资料。
崭新|崭在这里加强“新”的程度：全新的样子。|复习资料刚买来，封面平整，书页没有一点旧损，十分崭新。
喃喃|口字旁提示说话；声音低，小声连续说。|父亲抚摸孩子的头，低声反复说：“好好学吧，好好学吧。”
涌动|涌：水向上冒、向前流。借水流的形象写感情强烈地出现。|知道父亲默默付出后，一股幸福的感觉在孩子心里涌动。
县|一种行政区域；邻县就是附近、相邻的县。|父亲为了买资料，特地从本县赶到旁边的另一个县。
捅|扌提示戳的动作；“捅破秘密”借此说揭开、说破。|孩子知道父亲仍在替人搓澡，却不愿当面捅破这个秘密。
珍藏|珍：珍惜、看重。藏：保存。不只保存实物，也可保存记忆。|孩子把父亲默默付出的这份爱，珍藏在心里，准备一生慢慢体会。
