# 词语|题目|正确选项|干扰项一|干扰项二
疲惫|“疲惫”最能说明爸爸怎样？|非常劳累，已经提不起精神|对家人不满，故意不说话|心里有烦恼，正在想办法
犹豫|哪个动作最能看出他“犹豫”？|走到门口，又退了回来|走进房间，给爸爸拥抱|看见爸爸，马上转身跑开
不分青红皂白|妈妈“不分青红皂白”，是说她怎样？|没弄清原因，就责骂孩子|听过解释后，仍不赞同孩子|分清原因后，提醒孩子报平安
内疚|妈妈“内疚”，是因为她……|觉得自己错怪孩子，心里不安|担心孩子在外面发生危险|生气孩子没有照自己的话做
不妨|辅导员说“不妨”，是在……|建议她试一试这个办法|要求她必须马上照着做|劝她不要采用这个办法
匿名|这名学生选择“匿名”，隐藏了什么？|自己的真实姓名|求助信的全部内容|发送这封信的时间
监督|爸爸“监督”孩子，是怎样做？|查看时间，提醒孩子守约|接过设备，替孩子玩游戏|定了时间，以后完全不理
窒息|这里的“窒息”表达什么感受？|被管得压抑，像喘不过气|运动得太累，需要大口喘气|房间太闷热，想打开冷气
代沟|这里的“代沟”指什么？|两代人想法不同，互不理解|父子住得很远，很少见面|父子刚吵完架，暂时不说话
上瘾|哪一点最能说明孩子“上瘾”？|难以停下来，还影响了生活|玩的时候觉得开心、有趣|已经掌握了很多游戏技巧
疏远|家人“疏远”了，改变的是什么？|交流减少，关系不再亲近|家里房间的位置变远了|各人的兴趣开始完全相同
迎刃而解|为什么说问题“迎刃而解”？|明白关键后，问题顺利解决|拖了很久后，大家不再提起|不理会对方，自己照常玩耍
崇拜|女儿的“崇拜”表达哪种心情？|很钦佩，觉得妈妈了不起|很同情，觉得妈妈太辛苦|很羡慕，想得到妈妈的文章
爱不释手|她为什么“爱不释手”？|非常喜欢，舍不得放下|担心弄丢，不敢交给别人|完全不懂，只好反复查找
碰钉子|妈妈“碰钉子”，碰上什么事？|想做的事被儿子拒绝了|文章里的错误被儿子指出|说话时不小心弄伤了手指
泼冷水|儿子“泼冷水”，产生什么作用？|打击妈妈原来的热情|帮妈妈解决实际的困难|让妈妈身体感觉凉快些
抽屉|妈妈拉开的是哪种东西？|装在桌柜里，可推进拉出的格子|放在桌面上，可揭开盖子的盒子|挂在墙壁上，可向外翻开的架子
精疲力竭|“精疲力竭”强调累到什么程度？|精神和力气都快用尽了|稍有一点困意，仍很有力|身体很有力，只是心情差
衰老|哪些变化说明母亲“衰老”？|年纪渐大，身体也变弱了|心情变差，暂时不愿说话|工作变忙，休息时间变少
抑郁|这里的“抑郁”主要写什么？|心情长时间低落、苦闷|忙了一天后短暂地犯困|惊喜来得突然，说不出话
启齿|“难以启齿”难在什么地方？|不好意思把心里的话说出来|喉咙不舒服，发不出声音|没想过感谢，不知道说什么
扪心自问|她“扪心自问”，是在做什么？|认真反省自己为何不表达爱|要求女儿解释为何常表达爱|请母亲判断文章写得好不好
害羞|这里“害羞”是哪种感受？|想表达感情，却觉得难为情|做了对不起人的事，心里自责|害怕母亲有危险，心里担忧
懊恼|她“懊恼”的主要原因是什么？|后悔自己又没做到想做的事|害怕母亲已经遇到危险|怀疑母亲不肯接受自己的爱
伺机|她“伺机”开口，表示她……|留意并等待合适的机会|已经放弃，不打算再说|想到什么就立刻打断别人
疙瘩|“心里的疙瘩”指什么？|难以放下、妨碍开口的顾虑|皮肤上新长出来的小肿块|已经清楚表达出来的想法
心不在焉|哪里能看出她“心不在焉”？|人在吃饭，心思却在别处|人已吃完，离开了饭桌|一边吃饭，一边留意菜的味道
破天荒|“破天荒”强调这件事怎样？|以前没有过，这回第一次|以前常发生，这回也一样|发生得很突然，大家没准备
仓促|“仓促”离开是什么样子？|匆忙，来不及从容安排|悄悄地，不愿别人听到|慢慢地，舍不得离开家人
战战兢兢|为什么用“战战兢兢”形容他？|害怕受责备，动作格外小心|对门锁好奇，想仔细研究|觉得非常疲倦，动作变缓慢
钥匙|哪个物件是“钥匙”？|插进锁孔，用来开锁的物件|装在门上，用来锁门的器具|装在门边，用来敲门的圆环
锁|“锁开了”中的“锁”是什么？|门上用来锁住门的器具|取出钥匙时的手部动作|门被打开后露出的空隙
安抚|爸爸“安抚”妈妈，想让她怎样？|情绪平静下来|承认孩子一定没错|把心里的怒气全发出来
何况|“更何况”后面的话有什么作用？|再补充一个支持自己的理由|推翻前面说过的那个理由|说明前面的事造成了什么结果
和事佬|爸爸当“和事佬”，是在……|劝双方冷静，缓和争执|帮一方责骂另一方|评出谁赢谁输，再处罚输家
惊讶|孩子“惊讶”，是因为……|妈妈的提议出乎他的预料|妈妈终于照他要求去做|妈妈的提议让他十分讨厌
斑|妈妈担心脸上长什么？|颜色不同的小点或小块|一道长长的新伤口|一层细细软软的毛
缠绕|哪一点说明线“缠绕”在树上？|线绕住枝条好几圈，难以解开|线碰了一下树枝，马上离开|线落在树旁地面，直直铺着
搂|爸爸做了哪个动作？|用手臂围住孩子的肩膀|用手掌拍一下孩子的肩膀|用手指拉住孩子的衣袖
臃肿|“臃肿”描写母亲哪一方面？|身材肥大笨重的样子|做事不肯为别人着想|穿戴的东西十分昂贵
庸俗|作者起初说她“庸俗”，意思是……|觉得她的穿戴俗气、不高雅|认为她的生活贫穷、没钱|发现她对女儿冷漠、不关心
枚|“两枚大戒指”中的“枚”有什么作用？|配合数字，计算戒指的数量|说明戒指是用什么材料做的|说明戒指戴在什么位置
戒指|这件饰物应戴在哪里？|手指上|手腕上|脖子上
身躯|“挪动身躯”是移动什么？|自己的身体|自己的影子|自己的座椅
姿势|母亲调整“姿势”，是在调整什么？|身体各部分摆放的样子|心里对女儿的感情|下车时站队的先后次序
熬|这里的“熬”是什么意思？|困了仍勉强支撑着不睡|用小火慢慢煮东西|躺下来安心休息一会儿
打瞌睡|哪种表现是“打瞌睡”？|眼睛时闭时睁，不时打盹|眼睛始终睁大，看着窗外|闭眼认真思考，一直清醒
蹒跚|“蹒跚”除了慢，还说明什么？|脚步不稳，走得费力|故意拖延，不想下车|步子轻巧，十分灵活
惺忪|“睡眼惺忪”时，眼睛怎样？|刚醒来，朦胧不清醒|很生气，睁得圆圆的|很专注，目光十分有神
光辉|“母爱的光辉”赞美什么？|母亲默默付出的美好品质|母亲手上戒指反出的亮光|母亲打扮得耀眼而华丽
捐款|这笔钱为什么叫“捐款”？|自愿拿出帮助，不要求归还|暂时借给计划，以后收回来|交钱购买动物，准备带回家
拯救|“拯救”动物，重点是什么？|采取行动，让动物脱离危险|站在一旁，觉得动物很可爱|买下动物，让它住进自己家
优惠|门票“优惠”说明什么？|价格比通常的更便宜|所有人以后都可以免费进场|只能买较差位置的门票
券|这张折扣“券”有什么用途？|证明可以按规定享受减价|记录上次购物买了什么|在任何商店都当现金使用
四肢|小熊的“四肢”指哪些部分？|前面两条和后面两条肢体|头部、身体、尾巴和嘴巴|后面两条腿和两只耳朵
敏捷|哪些表现说明小猴“敏捷”？|反应快，动作又灵活|叫声响，身体又高大|跑得久，不需要休息
穿梭|小猴“穿梭”时怎样移动？|在树木之间来回穿行|围着同一个中心转圈|一直往一个方向远去
辨识|饲养员怎样“辨识”小熊？|看斑纹特点，认出并区分|按自己的喜好，选一只抱起|不看任何特点，随口猜名字
馋|小熊“馋”，和肚子饿有什么不同？|想吃美食，不一定还饿着|必须没吃饱，才会想吃|只要喝了水，就不会想吃
摔跤|这里的“摔跤”指什么？|双方较力，想把对方弄倒|走路不稳，自己跌了一下|一前一后，比谁跑得更快
凶猛|哪一点表现出野兽“凶猛”？|露出尖牙，有力地扑向猎物|身上的毛颜色很深|身体很大，却安静地趴着
光泽|黑猫有“光泽”，是说什么？|毛的表面反出亮光|毛的颜色比白猫更浅|身上的毛比白猫更多
缩|小猫“缩着身子”时怎样？|身体收拢，占的空间更小|身体展开，占的空间更大|四肢站直，身子抬得更高
枕|“枕在我的脚上”中，“枕”指什么？|把头靠放在某物上|把脚踩放在某物上|把某物压放在背上
啾啾|“啾啾”让我们听见什么？|鸟清细的叫声|猫低低的叫声|风吹树叶的声音
仰|猫“仰着头”，头朝哪里？|向上抬|向下低|向旁边歪
凝望|“凝望”与“瞥一眼”有何不同？|集中目光，看得较久|随意扫过，看得很快|闭起眼睛，在心中想象
鸟笼|哪一个是“鸟笼”？|人制作的关养鸟的器具|鸟自己用树枝搭的窝|鸟平时停在上面的树枝
隔|“隔了一会儿”表示什么？|前后动作之间过了一段时间|猫与鸟之间多了一道屏障|猫与鸟之间的距离变远了
惩罚|家人想给猫“惩罚”，意思是……|因认定它犯错，想处罚它|因担心它生病，想照顾它|因觉得它可怜，想安慰它
畏罪潜逃|家人猜它“畏罪潜逃”，猜的是什么？|怕因犯罪受罚，偷偷逃走了|贪玩忘记时间，暂时没回来|身体太疲倦，躲起来休息
喵|“喵”记录了什么？|猫发出的叫声|猫移动时的脚步声|猫心里的一句完整的话
衔|黑猫用哪个部位带走黄鸟？|嘴|前爪|背部
搞|“我搞错了”中的“搞错”指什么？|把事情弄错，判断错了|把鸟笼做坏，安装错了|把猫的毛剪坏，修剪错了
谴责|“良心受到谴责”是说什么？|自己因做错事而严厉自责|别人正在当面大声表扬自己|法官已经判定自己必须受罚
估计|这句“估计”表示什么？|根据已有情况作出的推想|对自己已经过完一生的记录|对未来绝不改变的可靠证明
光彩夺目|“光彩夺目”写鸟蛋怎样？|颜色光泽鲜明，吸引目光|颜色灰暗，难以被看见|形状特别巨大，让人吃惊
小心翼翼|孩子“小心翼翼”，怎样拿鸟蛋？|动作轻慢，生怕弄坏|动作很快，生怕落后|动作随意，觉得不会出错
褐|“灰褐色”的“褐”接近哪种颜色？|棕色|蓝色|粉红色
盘旋|小鸟“盘旋”的路线怎样？|围着某处一圈圈飞|朝一个方向一直飞|从高处直直地俯冲
愣|同伴说“别愣着”，是在催他……|别再发呆，快采取行动|别再跑动，先停下来|别再哭泣，先安静下来
傻|“傻了眼”在这里是什么意思？|惊呆了，一时不知怎么办|天生不聪明，什么都学不会|眼睛受了伤，看不清东西
啼|“停止了啼鸣”的“啼”指什么？|鸟发出叫声|人流着眼泪哭|鸟拍动翅膀飞
鸣|“鸟鸣”主要写鸟的哪一方面？|发出的声音|身上的颜色|飞行的路线
面面相觑|哪种情境是“面面相觑”？|彼此对望，不知怎么办|彼此对望，开心合影|彼此对望，早已商量好办法
揪心|小鸟的叫声让人“揪心”，是什么感受？|心里难受，十分担忧|觉得好听，心里愉快|嫌声音大，心里厌烦
茂盛|吊兰“茂盛”，是说它怎样？|枝叶繁密，长得旺盛|只有一片叶子特别大|枝叶稀少，长得很缓慢
扒开|要“扒开”叶子，主要怎样动？|把叶子向两边分开|把整片叶子向上举起|把叶子往下压得更紧
娇嫩|这里“娇嫩”的叫声怎样？|细弱而柔嫩|粗重而有力|尖锐而凶狠
掀开|“掀开叶片”是怎样的动作？|把遮盖的叶片往上揭起|把遮盖的叶片往下压紧|把叶片从两边往中间合拢
啄|小鸟“啄”笔尖，用了哪个部位？|尖嘴|爪子|翅膀
俯下|小鸟“俯下头”，头怎样动？|向下低|向上抬|往旁边平移
蹦来蹦去|为什么这里用“蹦”，不用“走”？|小鸟是一下一下跳着移动|小鸟是一步一步慢慢挪动|小鸟是张开翅膀飞着移动
涂上颜色|这里“涂”是哪种动作？|把颜料抹到物体表面|把纸沿着轮廓剪开|把纸折成立体的形状
绒毛|“绒毛”摸起来最可能怎样？|细而柔软|尖而坚硬|光滑而无毛
呼唤|大鸟的“呼唤”是在做什么？|招呼小鸟，希望它回应|随意发声，不招呼谁|与小鸟比赛谁叫得响
肩头|小鸟停在“肩头”，是停在哪里？|脖子旁、上臂与身体连接处|头顶上、头发生长的地方|手臂末端、手指所在的地方
因素|水是发展的重要“因素”，表示水是……|影响发展的条件|发展完成后的结果|发展好坏的记录
水喉|这里“四大水喉”指什么？|四种供水来源|四个巨大的水龙头|四条流经本地的河
艰巨|供水挑战“艰巨”，是说任务怎样？|困难多，负担也很重|需要等，但完全没有困难|规模小，很快就能完成
昂贵|“昂贵”主要说什么高？|所需的价钱高|设备的高度高|设备的效率高
消耗|机器“消耗”能源后怎样？|可用的能源减少了|能源被储存起来了|能源只是换了位置
干旱|哪种情况说明发生了“干旱”？|长时间少雨，土地缺水|今天晴天，阳光很强|上午无雨，下午下大雨
扩大|“扩大集水区”扩大了什么？|收集雨水的地区范围|每一滴雨水的体积|每个水龙头出水的速度
蓄水池|蓄水池中的“蓄”是什么意思？|把水储存起来备用|把水加热成水蒸气|把水立刻全部排出去
洗澡|“洗澡”清洗的对象是什么？|自己的身体|运动时穿的衣服|运动时用的毛巾
浴室|“浴室”和“洗澡”有什么不同？|浴室是地方，洗澡是活动|浴室是活动，洗澡是地方|两者都指清洗用的设备
趋势|“下降趋势”主要说什么？|一段时间内整体变化的方向|某一天准确用了多少水|以后每天都一定比前一天少
媒体|情境中的“媒体”指什么？|向公众传播消息的渠道|看新闻、听新闻的人|新闻里提到的环保活动
塑料|“塑料”和“塑料袋”是什么关系？|一种材料和用它做成的物品|同一种物品的两个不同名字|物品的颜色和物品的价格
吨|一吨等于多少千克？|1000 千克|100 千克|10000 千克
廉价|“廉价又实用”中的“廉价”说什么？|价格低|质量差|数量少
风靡|塑料袋“风靡”各地，是说它……|广泛流行，许多人都使用|被风吹走，散落到各地|产量减少，很少有人再使用
垄断|“几乎垄断”比“有人使用”多了什么？|几乎占据整个相关市场|偶尔有几个顾客选择它|各种袋子的使用量都相同
提供|超市“提供”购物袋，是说它……|拿出袋子供顾客使用|从顾客手中收回袋子|要求顾客自己带来袋子
危害|“危害健康”中的“危害”表示什么？|造成损害|带来好处|发生任何变化
焚烧|“焚烧”垃圾采用哪种方式？|用火烧|埋进地下|分类后再使用
烟尘|这里的“烟尘”是什么？|燃烧产生的烟和细小尘粒|喷水产生的细小水珠|地面上堆放的大块石头
毒|说这种物质“有毒”，主要指什么？|可能损害健康或危及生命|一定散发十分难闻的气味|一定有特别鲜艳的颜色
土壤|被污染的“土壤”指什么？|植物根部周围的地表泥土|植物上方吸入的空气|植物叶子表面的露水
遏制|希望“遏制”使用量增加，是希望……|控制它，不让它继续猛增|推动它，让它增加得更快|记录它，任由它不断增加
税|这里的钱为什么叫“税”？|国家依照法律征收|商店出售商品时收取|人们自愿捐出帮助别人
倡导|组织“倡导”自备袋子，是在……|带头提倡，鼓励大家做|禁止讨论，只许立刻照做|把做法藏起来，不让人知道
逐渐|“逐渐”增加表示怎样变化？|随着时间慢慢变多|在一个瞬间突然变多|保持原来的数量不变
机构|“环保机构”是什么？|有组织、有分工的工作单位|环保活动中使用的一件工具|一项环保活动所在的房间
充斥|“充斥”塑料袋表达怎样的语气？|到处都是，令人担忧或不满|数量丰富，值得大家赞美|只有少量，不值得注意
妥善|“妥善”处理强调什么？|方法合适，考虑周全|不管效果，速度最快|不让别人看见就算完成
煞费苦心|工作人员“煞费苦心”，是说他们……|为办好事情花了很多心思|因事情失败而伤心得吃不下|只花体力，没有认真思考
统计|学生“统计”旧手机数量，做了什么？|记录数据，再整理计算|不看数据，随口说个数|只把手机摆好，不计算数量
大型|“大型电器”的“大”主要指什么？|体积或规模大|使用者的年龄大|商品的价格一定高
日新月异|“日新月异”说明手机产品怎样？|不断更新，变化发展很快|偶尔改变一次，然后不再变|外形变小，但功能一直不变
泛滥|“电子垃圾泛滥”是说什么？|数量过多，已造成问题|垃圾全部被洪水冲走|电子产品质量越来越好
寿命|产品的“使用寿命”指什么？|能够正常使用的时间|充一次电所需的时间|从工厂送到商店的时间
途径|“维修途径有限”表示什么？|能找到的维修办法或渠道少|通往维修店的道路全部狭窄|维修店中能站的人数很少
缺乏|说他们“缺乏认识”，是说他们……|对危害了解得不够|已经十分清楚所有危害|有知识，却完全忘了手机在哪
亿|一亿部等于多少万部？|10000 万部|1000 万部|100 万部
遗憾|作者感到“遗憾”，是因为……|有用材料本可回收，却被浪费|自己弄坏朋友手机，深感自责|回收得到很多材料，十分兴奋
谨慎|工作人员“谨慎”处理，怎样做？|先了解风险，再小心行动|因为担心，就永远不作处理|不问情况，马上随意拆开
渗透|“渗透到地下”是怎样的过程？|通过细小空隙，慢慢进入内部|一直停留表面，完全没有进入|变成烟尘，迅速飞到天空
宣布|总统“宣布”决定，是做什么？|正式公开告诉公众|只在心里作一个猜想|私下写在日记里保密
狩猎|“狩猎”与观赏动物有什么不同？|目的是捕捉或猎杀|目的是远远看看|目的是拍照留念
聘请|“聘请”猎人是请他来做什么？|承担约定的工作|参加一次朋友聚餐|结束原来担任的职务
啃|鹿“啃”树皮时怎样吃？|用牙一点一点咬|不咬就整块吞下|只用舌头轻轻舔
疾病|“疾病”和“饥饿”有什么不同？|前者是生病，后者是缺少食物|前者是缺少食物，后者是生病|两者都只表示肚子暂时很饿
锐减|为什么说鹿的数量“锐减”？|短时间内减少了很多|很长时间只减少一点|短时间内增加了很多
糟蹋|“糟蹋”森林，说明森林怎样了？|遭到损坏，令人惋惜|得到保护，令人欣慰|换了位置，大小没变
毁灭|“毁灭”比“一点损伤”严重在哪里？|根本、彻底地遭到破坏|只是外表稍微有些磨损|只是暂时不能让人进入
罪魁祸首|这里称鹿群为“罪魁祸首”，是说它们……|成了造成祸害的主要原因|有意犯罪，等待人的审判|只是外表看起来十分凶恶
研究|科学家“研究”时做了什么？|持续观察、记录并分析|只看一眼，就下定结论|只听一个传闻，就完全相信
目睹|“目睹”得到的信息来自哪里？|自己亲眼看见|听别人说起|在心里推想
违背|行动“违背”自然规律，是说它……|与自然规律相冲突|与自然规律相一致|只把自然规律写下来
拼搏|运动员“拼搏”是怎样做？|面对困难，仍尽全力争取|为了获胜，大声与对手争吵|遇到困难，马上放弃比赛
自卑|她“自卑”，表示她怎样看自己？|觉得自己不如别人|觉得自己处处胜过别人|能平静地看待自己的优缺点
羡慕|她“羡慕”同学，主要是哪种想法？|觉得很好，希望自己也拥有|希望同学失去优点才开心|觉得同学的优点毫无价值
诱惑|薯片的“诱惑”对她有什么作用？|吸引她去做原想克制的事|命令她必须服从别人的要求|帮助她完全忘记吃零食
毅力|什么最能说明他有“毅力”？|遇到困难，仍长期坚持|第一天报名时特别兴奋|一时表现好，就停止练习
茫然|她“一脸茫然”，是什么状态？|不明白，暂时没有头绪|很生气，准备责骂别人|很清楚，已经想好办法
魂不守舍|“魂不守舍”说明她怎样？|心神不定，精神不集中|目光专注，一直认真听|身体离开教室，去别处玩
睡眠|“睡眠不足”指什么不够？|睡觉休息的时间或质量|夜晚房间里的灯光|完成作业需要的纸张
闪烁其词|她“闪烁其词”，回答有什么特点？|躲闪含糊，不肯说清|声音很轻，但交代得清楚|说得很快，但内容完整
嫌|哥哥“嫌”时间太长，是表达什么？|觉得不好，表示不满|觉得很好，表示赞赏|没有意见，只作记录
逼|“逼她关机”比“请她关机”多了什么？|强迫，不给选择余地|商量，愿意听取意见|提醒，让她自行决定
霸道|哥哥怎样做才表现出“霸道”？|只许自己用，不讲理地强迫别人|说明自己急需使用的合理原因|先商量，再按约定轮流使用
怄气|她“怄气”时是什么状态？|心里不满，故意赌气|平静讨论，寻求办法|已经原谅，开心聊天
烹饪|哪个活动属于“烹饪”？|把食材加工成饭菜|把买来的食材放进冰箱|把吃过的碗筷洗干净
符合|梦想“不符合”爸爸的期望，说明什么？|她的选择和爸爸期待不一致|她选择的职业一定没有价值|爸爸对她完全没有任何期望
憋|“憋在心里”是什么意思？|忍住想说的话，没有说出口|已经说完，却还在生气|没有想法，也没有话要说
委婉|这句话“委婉”，体现在哪里？|表达要求时温和、顾及对方|明明有要求，却始终不表达|用很大的声音强迫对方照做
吼|“吼”比一般的“说”多了什么？|声音很大，语气强烈|理由更充分，一定正确|声音很轻，语气温柔
反驳|她“反驳”对方，是在……|提出反对意见，并说明理由|重复对方的话，表示赞同|转移话题，不回应原来的说法
缝|“门开了一条缝”的“缝”怎么读、什么意思？|fèng：狭小的空隙|féng：用针线连接|fèng：十分宽大的开口
吭声|“没有吭声”能确定什么？|她没有出声说话|她一定没有听见|她一定不会说话
掩|“掩上门”的“掩”是什么意思？|把门关上|把门开大|在门上开洞
走廊|情境中的“走廊”在哪里？|房间外连接各房的通道|房间内专门睡觉的地方|房屋上方挡雨的部分
熄灯|“熄灯”发生了什么变化？|灯由亮变灭|灯由灭变亮|灯的位置改变
诡异|说笑容“诡异”，是什么意思？|古怪，令人不安|亲切，令人安心|滑稽，令人开心
蜷缩|“蜷缩”的身体是什么样？|弯曲收拢成一团|四肢向外伸直|站直并高高抬头
瑟瑟|这里“瑟瑟发抖”主要因为什么？|心里感到害怕|房间气温很低|正在练习舞步
恐怖|说事件“恐怖”，主要写什么？|当时令人害怕的感受|已经证实有人故意伤人|已经证实真的有鬼出现
通宵|“通宵”聊天持续多久？|整个夜晚|睡前一小会儿|白天一整个下午
惊悚|“惊悚”写事件的哪一面？|当时令人惊恐不安|后来交到朋友的喜悦|事情始终平淡无趣
脖子|“脖子”在哪个位置？|头和身体之间|手掌和手臂之间|小腿和脚掌之间
瞥|“瞥了一眼”是怎样看？|很快地看一下|长久专注地看|闭眼在心里想
炙|“犹如被烈日炙烤”在这里写什么？|借被烤的难受写受注视的不自在|说明教室已经发生真实火灾|说明晒太阳使她感到很舒服
社交媒体|哪一点体现“社交媒体”的特点？|通过平台分享信息、互相交流|把照片存在自己相册不分享|用手机拍照，却不与别人互动
掩饰|她想“掩饰”缺陷，希望怎样？|遮盖起来，不让别人看出|把真实情况详细告诉别人|通过治疗把身体问题治好
拘束|她“拘束”，是什么状态？|紧张不自然，动作放不开|放松自然，想做什么就做|身体疲倦，连站着都困难
嘈杂|教室“嘈杂”，声音怎样？|多种声音混在一起，杂乱|只有一个声音，清楚有序|几乎没有声音，十分安静
局促|“局促不安”在这里指什么？|紧张窘迫，不知如何是好|教室太小，座位挤在一起|心里急切，盼望早点回家
沮丧|她“沮丧”，主要是哪种感受？|因失望而灰心、失落|因做错事而内疚、自责|因得到称赞而兴奋、得意
睿智|同学说她看起来“睿智”，是在夸她……|神态显得聪明、有智慧|每一次考试必定得满分|实际年龄一定比同学大
搓澡|“搓澡”比淋水多了什么动作？|在皮肤上来回擦洗|只把水倒进浴盆|只洗换下来的衣服
涩涩|“心里涩涩的”是什么感受？|心里苦涩，难以说清的难受|嘴里尝到没熟果子的涩味|手摸到粗糙木板的不舒服
筹划|“筹划”是在哪时做什么？|行动前考虑办法、作安排|全部完成后只庆祝成果|事情来临时不想就随便做
拾掇|妈妈“拾掇”行李，是在做什么？|把所需物品收拾整理好|只捡起地上的一件物品|把所有旧物品全部丢掉
颔首|“颔首”是哪个动作？|轻轻点头|左右摇头|向上抬头
棉|“棉帽”的“棉”说明什么？|帽子的材料|帽子的颜色|帽子的大小
掏|“掏出”与“塞进”方向有何不同？|掏是由里取出，塞是往里放|掏是往里放，塞是由里取出|两者都把东西放在袋子旁边
崭新|“崭新”主要形容资料怎样？|非常新，没有旧损|十分昂贵，花钱很多|保存很久，但仍可使用
喃喃|父亲“喃喃”说话，声音怎样？|低声、细小地连续说|大声、强烈地喊叫|嘴动着，却完全没出声
涌动|孩子心里“涌动”的是什么？|强烈地出现的幸福感|真实流进胸口的水|突然完全消失的感情
县|“邻县”指哪里？|附近、相邻的另一个县|住在旁边的邻居家|同一条街上的另一间店
捅|“捅破秘密”中的“捅破”是什么意思？|揭开、说破原先隐瞒的事|用手指把背包戳出一个洞|把原先知道的事情全部忘掉
珍藏|这里“珍藏”父爱，是怎样做？|珍惜这份感情，长久记在心里|一定要把实物锁进箱子里|不再记起，彻底忘掉往事
